0,-171.606
50,-173.166
100,-137.695
150,-62.7485
200,-95.5211
250,-60.0435
300,173.481
350,-176.453
400,170.661
450,-168.01
500,179.546
550,-158.874
600,-174.3
650,-167.373
700,-157.13
750,-169.762
800,-126.606
850,-101.356
900,-171.88
950,-165.692
1000,-174.672
1050,-63.5768
1100,-77.7547
1150,-71.0322
1200,-69.7379
1250,-84.5783
1300,-57.5608
1350,-56.3076
1400,-59.4607
1450,-44.4858
1500,-99.7024
1550,-63.641
1600,-68.1281
1650,-66.3575
1700,-70.0671
1750,-62.3667
1800,-65.1428
1850,-98.2695
1900,-118.956
1950,-96.2358
2000,-64.0331
2050,-80.0225
2100,-87.2142
2150,-163.66
2200,-165.124
2250,-167.22
2300,-171.882
2350,-166.469
2400,-155.228
2450,-146.338
2500,-58.9664
2550,-64.1975
2600,-61.2256
2650,-83.2296
2700,-65.4482
2750,-63.3671
2800,-92.8122
2850,-74.0977
2900,-119.406
2950,-94.0741
3000,-166.971
3050,-116.416
3100,-166.293
3150,-169.738
3200,174.422
3250,165.013
3300,179.693
3350,-154.201
3400,-159.235
3450,-176.423
3500,-177.513
3550,-168.638
3600,-161.047
3650,-171.908
3700,175.758
3750,-178.929
3800,168.355
3850,-171.908
3900,-173.857
3950,-170.298
4000,-55.6128
4050,-125.01
4100,-164.014
4150,-179.873
4200,-163.934
4250,-170.955
4300,-171.813
4350,177.067
4400,-175.754
4450,174.598
4500,179.506
4550,166.092
4600,-177.262
4650,169.766
4700,-174.447
4750,-151.85
4800,-176.097
4850,-55.5908
4900,-55.2219
4950,-67.9908
5000,-55.6166
5050,-68.7969
5100,-64.6047
5150,-67.191
5200,-57.22
5250,-44.0679
5300,-50.7369
5350,-64.1685
5400,-80.7877
5450,-110.327
5500,-66.2174
5550,-58.0723
5600,-73.0112
5650,-61.8729
5700,-68.5754
5750,-91.6699
5800,-63.2037
5850,-171.612
5900,-160.761
5950,-141.905
6000,-116.642
6050,-110.171
6100,-55.9561
6150,-61.241
6200,-57.418
6250,-74.3343
6300,-106.884
6350,-114.213
6400,176.249
6450,-165.764
6500,177.58
6550,-152.743
6600,-91.1662
6650,-107.646
6700,-61.2858
6750,-82.0925
6800,-54.6964
6850,-153.821
6900,-59.7216
6950,-169.941
7000,176.789
7050,-172.184
7100,-170.689
7150,-148.963
7200,178.494
7250,-176.481
7300,-172.41
7350,-169.19
7400,-175.598
7450,-160.556
7500,-160.432
7550,-170.565
7600,-167.116
7650,171.181
7700,-172.244
7750,-168.421
7800,-153.883
7850,-162.878
7900,-152.113
7950,-171.848
8000,-168.018
8050,-158.965
8100,-167.995
8150,-172.212
8200,-141.554
8250,-155.223
8300,-165.209
8350,-149.978
8400,-150.625
8450,-140.28
8500,179.061
8550,-168.663
8600,-176.583
8650,-88.5125
8700,-76.4079
8750,-75.909
8800,-72.956
8850,-81.5498
8900,-71.1844
8950,-73.2828
9000,-123.788
9050,-55.6237
9100,-78.7439
9150,-165.881
9200,-65.5735
9250,-155.121
9300,-159.749
9350,-112.463
9400,-165.85
9450,-165.468
9500,-175.858
9550,-92.5726
9600,-177.267
9650,-175.464
9700,-162.136
9750,-171.169
9800,-162.825
9850,-169.527
9900,-179.529
9950,-179.686
10000,-170.476
10050,179.444
10100,-177.819
10150,-168.495
10200,-172.752
10250,-107.736
10300,-64.3624
10350,-65.7981
10400,-60.1335
10450,-74.212
10500,-168.569
10550,-176.542
10600,-87.3388
10650,174.401
10700,-167.297
10750,-167.113
10800,-169.542
10850,-156.534
10900,-169.642
10950,-164.899
11000,174.015
11050,-162.584
11100,-167.037
11150,-176.941
11200,-172.603
11250,178.974
11300,-165.933
11350,-173.709
11400,-156.903
11450,-151.937
11500,-64.123
11550,-167.86
11600,174.424
11650,168.383
11700,-174.287
11750,-171.002
11800,-177.536
11850,-163.392
11900,178.379
11950,178.587
12000,-171.952
12050,-175.609
12100,-177.786
12150,-172.23
12200,-154.91
12250,-65.0785
12300,175.957
12350,-176.356
12400,-173.861
12450,-121.785
12500,-152.892
12550,-77.3214
12600,-116.273
12650,-147.633
12700,-147.345
12750,-91.6516
12800,177.085
12850,-168.515
12900,172.249
12950,-110.668
13000,-158.761
13050,-174.673
13100,-177.297
13150,-77.5212
13200,-85.742
13250,-58.5698
13300,-75.5521
13350,-164.431
13400,-167.233
13450,-173.311
13500,-176.398
13550,-134.624
13600,-159.671
13650,-128.585
13700,-170.196
13750,-132.807
13800,-170.773
13850,-85.2163
13900,-72.001
13950,-78.5414
14000,-116.468
14050,-121.527
14100,-73.1327
14150,-170.617
14200,-168.644
14250,-173.058
14300,-170.65
14350,-158.209
14400,-167.418
14450,-171.765
14500,170.795
14550,179.818
14600,-176.779
14650,-159.048
14700,-174.996
14750,-168.779
14800,-169.678
14850,-172.062
14900,-153.177
14950,-172.302
15000,-174.132
15050,-171.717
15100,173.639
15150,170.435
15200,-156.081
15250,-171.028
15300,-165.637
15350,-176.427
15400,-110.363
15450,-70.5085
15500,-158.642
15550,-160.174
15600,-161.987
15650,-157.185
15700,-162.801
15750,167.543
15800,-175.01
15850,-73.9362
15900,-52.4778
15950,-111.735
16000,-159.853
16050,176.733
16100,-177.471
16150,-156.455
16200,-161.72
16250,-164.536
16300,-170.267
16350,-158.412
16400,179.53
16450,-172.167
16500,-172.709
16550,-72.9705
16600,-48.385
16650,-57.9695
16700,-90.9454
16750,-112.43
16800,-145.416
16850,-66.6292
16900,-72.8807
16950,-79.5308
17000,-65.7418
17050,-65.6516
17100,-171.484
17150,-140.777
17200,-152.343
17250,-101.219
17300,-100.476
17350,-56.3924
17400,-56.6905
17450,-50.6545
17500,-73.9636
17550,-55.1827
17600,-79.0214
17650,-74.5811
17700,-53.9968
17750,-72.4572
17800,-51.5084
17850,-75.4234
17900,-62.3246
17950,-90.1843
18000,-89.9531
18050,173.182
18100,-119.276
18150,-156.386
18200,-172.724
18250,-175.884
18300,-169.451
18350,-177.858
18400,-173.113
18450,-170.536
18500,-169.876
18550,-160.63
18600,-170.147
18650,-169.897
18700,-168.838
18750,-177.354
18800,-162.921
18850,-169.566
18900,-173.307
18950,-177.341
19000,-178.348
19050,-161.411
19100,-77.2313
19150,-137.3
19200,-111.428
19250,-76.4313
19300,-104.662
19350,-52.0962
19400,-56.6545
19450,-114.478
19500,-79.1786
19550,-67.1208
19600,-173.917
19650,-54.224
19700,-114.966
19750,-56.4667
19800,-45.5119
19850,-75.3682
19900,-73.8845
19950,-69.6484
20000,-131.057
20050,-49.3043
20100,-55.1143
20150,-64.3261
20200,-172.994
20250,-51.3258
20300,-65.7801
20350,-66.7857
20400,-71.9372
20450,-60.8877
20500,-58.8521
20550,-77.2418
20600,-51.7031
20650,-74.5996
20700,-98.0455
20750,-158.231
20800,-158.456
20850,-172.832
20900,-159.602
20950,177.239
21000,178.799
21050,-176.558
21100,-170.523
21150,-167.633
21200,-179.956
21250,-166.536
21300,-171.883
21350,173.757
21400,-165.814
21450,-170.164
21500,-176.266
21550,-83.0459
21600,-142.583
21650,-161.27
21700,-174.646
21750,-172.422
21800,-150.278
21850,-86.9845
21900,-114.724
21950,-172.059
22000,-174.676
22050,177.196
22100,-86.2533
22150,-55.0044
22200,-65.3651
22250,-84.635
22300,-95.5964
22350,-58.3309
22400,-60.1113
22450,-117.596
22500,-69.3787
22550,-61.1009
22600,-68.1639
22650,-56.2705
22700,-95.4338
22750,-60.5534
22800,-63.5559
22850,-67.4542
22900,-64.2776
22950,-59.3784
23000,-83.5726
23050,-174.891
23100,-52.6146
23150,-58.1885
23200,-57.4326
23250,-169.602
23300,-178.12
23350,-157.855
23400,-137.613
23450,170.13
23500,-166.095
23550,-178.117
23600,-170.841
23650,-175.731
23700,-175.597
23750,177.489
23800,-166.787
23850,168.015
23900,176.285
23950,167.234
24000,-168.748
24050,-138.177
24100,-162.555
24150,-159.26
24200,-173.876
24250,-157.08
24300,-173.227
24350,178.495
24400,-173.657
24450,178.332
24500,-169.043
24550,-172.747
24600,-177.282
24650,-172.563
24700,-155.833
24750,-148.194
24800,-176.495
24850,-150.156
24900,-169.151
24950,-155.045
25000,-167.955
25050,178.206
25100,-152.386
25150,-159.803
25200,-149.911
25250,-135.935
25300,-160.786
25350,-160.853
25400,-169.108
25450,-161.78
25500,-72.3947
25550,-97.9059
25600,-140.417
25650,-168.055
25700,-159.38
25750,-156.177
25800,-178.368
25850,-170.883
25900,177.58
25950,-171.149
26000,-144.341
26050,-88.8547
26100,-162.517
26150,170.27
26200,-163.141
26250,-179.637
26300,-158.878
26350,-168.206
26400,-159.32
26450,-138.238
26500,-62.7082
26550,-168.93
26600,-175.266
26650,-173.654
26700,-176.521
26750,-167.956
26800,-64.7372
26850,-50.1216
26900,-62.9041
26950,-51.4656
27000,172
27050,-170.082
27100,-178.772
27150,-164.388
27200,-75.3466
27250,-66.1725
27300,178.94
27350,-179.139
27400,-54.1057
27450,176.109
27500,-176.125
27550,-178.238
27600,-170.892
27650,-176.776
27700,178.173
27750,179.096
27800,171.787
27850,-158.353
27900,-167.649
27950,-55.0475
28000,-58.1134
28050,-58.354
28100,-69.3032
28150,-108.999
28200,-68.9258
28250,-62.8954
28300,-137.055
28350,-160.342
28400,-163.607
28450,-175.203
28500,-158.238
28550,-165.006
28600,-122.318
28650,-157.165
28700,-165.228
28750,-169.853
28800,-142.208
28850,-151.297
28900,-172.369
28950,-153.786
29000,-167.021
29050,-164.712
29100,-178.103
29150,-164.977
29200,-169.659
29250,-161.424
29300,-173.984
29350,-154.634
29400,-171.417
29450,-164.537
29500,-164.201
29550,-174.313
29600,-175.881
29650,-174.235
29700,-165.883
29750,-179.299
29800,-172.942
29850,177.667
29900,-151.736
29950,-157.848
30000,-176.239
30050,-163.403
30100,-161.034
30150,-156.417
30200,-166.627
30250,-144.83
30300,-160.751
30350,-166.356
30400,-163.777
30450,-147.681
30500,-160.61
30550,-161.554
30600,-154.27
30650,-169.19
30700,-158.727
30750,-173.41
30800,-173.862
30850,-164.091
30900,-167.12
30950,-173.782
31000,-149.319
31050,-171.968
31100,-167.674
31150,179.014
31200,-142.278
31250,-170.71
31300,-160.342
31350,-81.4553
31400,-168.124
31450,-174.544
31500,-165.633
31550,-172.401
31600,-153.425
31650,177.594
31700,-150.269
31750,-172.358
31800,-179.963
31850,-175.987
31900,-165.141
31950,-170.122
32000,-160.995
32050,-156.276
32100,-174.554
32150,-170.552
32200,-146.449
32250,-158.767
32300,-76.2103
32350,-69.4608
32400,-152.584
32450,-177.776
32500,-158.393
32550,172.56
32600,-166.012
32650,-172.322
32700,178.612
32750,-173.182
32800,-168.888
32850,176.195
32900,-173.375
32950,-179.868
33000,-171.732
33050,-167.722
33100,-172.978
33150,177.658
33200,174.678
33250,-171.978
33300,-168.927
33350,176.358
33400,-177.818
33450,175.791
33500,-170.916
33550,176.4
33600,-69.8477
33650,-66.9439
33700,-110.869
33750,-79.7085
33800,-65.6386
33850,-86.614
33900,-55.3833
33950,-75.1047
34000,-70.372
34050,-71.2488
34100,-65.4278
34150,-66.7411
34200,-75.6644
34250,-87.6125
34300,-75.0618
34350,-63.3519
34400,-175.918
34450,-177.344
34500,170.204
34550,-167.862
34600,-167.826
34650,173.323
34700,-174.708
34750,-178.725
34800,171.837
34850,174.175
34900,178.562
34950,-170.587
35000,178.755
35050,160.173
35100,-177.286
35150,-176.099
35200,173.906
35250,-152.02
35300,-176.282
35350,-170.41
35400,-154.462
35450,-175.515
35500,-179.093
35550,-101.632
35600,-168.904
35650,-178.34
35700,173.7
35750,-179.226
35800,179.391
35850,-178.023
35900,-166.079
35950,-168.542
36000,175.073
36050,176.404
36100,177.055
36150,177.004
36200,169.613
36250,176.508
36300,-169.815
36350,-179.589
36400,175.015
36450,-177.399
36500,174.177
36550,164.67
36600,-179.205
36650,-154.006
36700,173.873
36750,-169.389
36800,-167.193
36850,-173.365
36900,175.234
36950,-176.883
37000,-168.897
37050,-179.323
37100,-158.743
37150,-171.91
37200,171.074
37250,-174.533
37300,174.345
37350,176.109
37400,-165.783
37450,179.057
37500,173.166
37550,178.639
37600,-177.634
37650,-174.609
37700,-178.51
37750,173.546
37800,-175.254
37850,174.861
37900,176.411
37950,-172.092
38000,166.839
38050,-167.53
38100,-175.636
38150,173.487
38200,-176.371
38250,-171.955
38300,158.948
38350,177.567
38400,-179.305
38450,-173.267
38500,-179.45
38550,171.514
38600,178.952
38650,-179.603
38700,-177.152
38750,175.624
38800,176.036
38850,-178.88
38900,179.462
38950,179.936
39000,-175.519
39050,169.953
39100,-166.816
39150,177.743
39200,-169.015
39250,-176.217
39300,-173.725
39350,172.038
39400,175.709
39450,178.063
39500,-167.112
39550,-169.85
39600,176.955
39650,163.879
39700,169.776
39750,-176.665
39800,178.625
39850,169.059
39900,171.196
39950,175.563
40000,-175.074
40050,-174.038
40100,-174.618
40150,173.58
40200,176.29
40250,-161.674
40300,176.774
40350,-169.97
40400,-165.876
40450,-174.657
40500,179.617
40550,-175.933
40600,-171.075
40650,-166.353
40700,-169.581
40750,-170.604
40800,-164.373
40850,-167.359
40900,-160.117
40950,-174.451
41000,-163.718
41050,-179.15
41100,-163.406
41150,-174.086
41200,-160.959
41250,-167.899
41300,-159.274
41350,-166.198
41400,-146.415
41450,-171.205
41500,175.871
41550,-168.168
41600,-160.332
41650,-165.398
41700,-162.699
41750,-163.017
41800,-176.628
41850,-164.79
41900,-164.205
41950,177.562
42000,-169.643
42050,-109.606
42100,-162.241
42150,-165.462
42200,-165.385
42250,-173.379
42300,-160.411
42350,-163.012
42400,-159.999
42450,-163.473
42500,-145.649
42550,-161.049
42600,-160.105
42650,-157.372
42700,-173.078
42750,-173.741
42800,-170.526
42850,-167.371
42900,-174.451
42950,-169.326
43000,-173.875
43050,-162.209
43100,-179.144
43150,-171.056
43200,-153.172
43250,-158.553
43300,169.553
43350,-164.186
43400,-156.088
43450,-76.7569
43500,-65.0086
43550,-64.3806
43600,-66.2507
43650,-66.5997
43700,-66.0487
43750,-82.0589
43800,-77.3659
43850,-71.0753
43900,-53.4486
43950,-48.8309
44000,-170.421
44050,-65.7785
44100,-115.128
44150,-55.6453
44200,-80.6372
44250,-108.426
44300,-80.2128
44350,175.121
44400,-168.421
44450,-147.028
44500,-61.3432
44550,-172.594
44600,-126.964
44650,-168.984
44700,-162.538
44750,-167.137
44800,-179.074
44850,-172.147
44900,-56.5837
44950,-96.5831
45000,-69.0846
45050,-67.3289
45100,-76.51
45150,-84.4983
45200,-87.8273
45250,-57.2336
45300,-70.565
45350,-63.5864
45400,-86.0173
45450,-62.5136
45500,-93.6758
45550,-80.0258
45600,-110.479
45650,-65.2532
45700,-69.8659
45750,-61.0502
45800,-130.685
45850,-73.8166
45900,-57.362
45950,-84.6731
46000,-102.74
46050,-44.5262
46100,-140.54
46150,-105.755
46200,-140.962
46250,-70.1564
46300,-138.826
46350,-139.597
46400,-55.9648
46450,-106.496
46500,-71.5176
46550,-93.8327
46600,-163.76
46650,-174.167
46700,-171.43
46750,-127.471
46800,-141.009
46850,-76.9126
46900,-85.6953
46950,174.348
47000,175.965
47050,-177.43
47100,-168.787
47150,-170.649
47200,173.871
47250,-79.7504
47300,-158.172
47350,-161.955
47400,-140.879
47450,-93.4024
47500,-72.2378
47550,-67.6439
47600,-174.043
47650,179.888
47700,-141.297
47750,-70.6328
47800,-133.133
47850,-158.64
47900,-52.7331
47950,-81.5325
48000,-74.0901
48050,-71.8406
48100,-117.121
48150,-59.4266
48200,-163.997
48250,177.001
48300,177.558
48350,-179.224
48400,-74.3292
48450,-66.1826
48500,-70.9167
48550,-63.2463
48600,-62.2344
48650,-162.175
48700,-172.045
48750,-158.017
48800,177.488
48850,-174.168
48900,-146.372
48950,-140.076
49000,179.413
49050,-142.122
49100,-133.217
49150,-176.951
49200,-46.6526
49250,-167.287
49300,-176.77
49350,174.493
49400,-160.494
49450,-127.593
49500,-173.426
49550,-149.923
49600,-162.229
49650,-84.823
49700,179.405
49750,-173.805
49800,-166.816
49850,-140.423
49900,-82.6231
49950,-178.892
50000,-150.687
50050,-106.409
50100,-142.801
50150,-104.422
50200,-132.282
50250,-69.7288
50300,-131.356
50350,-65.3953
50400,-66.6512
50450,-63.025
50500,-76.2105
50550,177.231
50600,-177.673
50650,-161.269
50700,-164.742
50750,-155.038
50800,-169.41
50850,-68.4349
50900,-61.778
50950,-60.144
51000,-58.6456
51050,-74.9544
51100,-179.151
51150,-167.337
51200,-63.2431
51250,-73.4217
51300,-138.039
51350,-113.614
51400,-169.484
51450,-91.6095
51500,-174.864
51550,-169.128
51600,-176.51
51650,-144.16
51700,-160.039
51750,-179.585
51800,-171.602
51850,-150.121
51900,-128.669
51950,-167.707
52000,-71.0328
52050,-136.474
52100,-114.495
52150,-74.5095
52200,-80.6727
52250,-63.3218
52300,-60.9883
52350,-114.669
52400,-119.035
52450,-151.096
52500,-131.041
52550,-151.691
52600,-111.948
52650,-118.441
52700,-71.4376
52750,-56.9256
52800,-63.1827
52850,-68.4553
52900,-142.128
52950,-144.211
53000,-162.276
53050,-140.858
53100,-126.915
53150,-79.1549
53200,-144.738
53250,-141.541
53300,-150.429
53350,-150.073
53400,-61.9771
53450,-127.515
53500,178.932
53550,-125.723
53600,-84.1426
53650,-81.6721
53700,-68.6255
53750,-56.1808
53800,-65.8165
53850,-60.421
53900,-56.2177
53950,-88.2498
54000,-77.7613
54050,-115.53
54100,-93.5515
54150,-114.672
54200,-110.313
54250,-147
54300,-80.3579
54350,-104.061
54400,-117.282
54450,-130.179
54500,-139.488
54550,-110.594
54600,-76.336
54650,-71.6282
54700,-67.4912
54750,-66.63
54800,-77.6687
54850,-77.3893
54900,-61.8761
54950,-65.5263
55000,-87.1333
55050,-124.339
55100,-135.701
55150,-122.267
55200,-73.4719
55250,-59.6511
55300,-74.668
55350,-70.5259
55400,-39.7324
55450,-49.9454
55500,-60.6932
55550,-56.5001
55600,-145.296
55650,-171.429
55700,-64.3021
55750,-54.3468
55800,-69.4956
55850,-86.3642
55900,-60.3771
55950,-126.507
56000,-149.023
56050,-145.657
56100,-179.361
56150,-97.7643
56200,-142.719
56250,-170.322
56300,-176.225
56350,179.901
56400,175.329
56450,-175.191
56500,-167.496
56550,-131.365
56600,-177.575
56650,-175.18
56700,-167.282
56750,-157.833
56800,166.705
56850,-166.731
56900,-179.302
56950,177.465
57000,-169.415
57050,171.989
57100,-173.362
57150,-159.186
57200,-108.247
57250,-129.8
57300,176.791
57350,176.18
57400,-174.495
57450,-172.528
57500,177.832
57550,-177.743
57600,-171.582
57650,179.938
57700,-177.265
57750,-175.446
57800,-176.65
57850,-62.0818
57900,-176.71
57950,-122.495
58000,-72.2717
58050,-149.891
58100,167.696
58150,-179.704
58200,-166.52
58250,176.406
58300,174.3
58350,-176.329
58400,173.519
58450,-171.882
58500,-171.585
58550,179.811
58600,-177.437
58650,166.484
58700,178.727
58750,-179.797
58800,-173.792
58850,179.295
58900,171.3
58950,-175.698
59000,-174.434
59050,-175.517
59100,-174.296
59150,-172.815
59200,-177.568
59250,-172.357
59300,-170.183
59350,172.758
59400,-164.242
59450,-175.656
59500,-178.118
59550,169.408
59600,-175.522
59650,177.476
59700,-168.699
59750,-55.2672
59800,-68.6763
59850,-75.1878
59900,-63.2004
59950,-57.6339
60000,-45.1807
60050,-59.4557
60100,-68.9232
60150,-61.2403
60200,-77.0624
60250,-56.3723
60300,-56.9316
60350,-75.3973
60400,-61.7388
60450,-74.4408
60500,-77.286
60550,-68.9496
60600,-51.6861
60650,-62.6531
60700,-82.5288
60750,-70.0633
60800,-78.5295
60850,-71.2197
60900,-72.5968
60950,-82.5558
61000,-83.8898
61050,-68.6849
61100,-68.9622
61150,-75.4134
61200,-76.1823
61250,-78.2136
61300,-71.4867
61350,-64.9525
61400,-104.015
61450,-57.3437
61500,-79.4572
61550,-54.5373
61600,-79.0758
61650,-84.3414
61700,-73.4642
61750,-69.4009
61800,-78.8478
61850,-96.1998
61900,-45.8594
61950,-69.2725
62000,-77.7751
62050,-57.2801
62100,-46.862
62150,-71.7945
62200,-65.4777
62250,-50.4222
62300,-60.4124
62350,-79.5606
62400,-61.9984
62450,-84.7403
62500,-73.8327
62550,-56.9955
62600,-79.4629
62650,-72.503
62700,-71.8315
62750,-73.4989
62800,-69.4618
62850,-82.3994
62900,-64.2678
62950,-76.4456
63000,-59.677
63050,-102.46
63100,-69.1274
63150,-49.9581
63200,-71.7167
63250,-67.2144
63300,-70.9361
63350,-64.3375
63400,-64.4248
63450,-69.4854
63500,-69.4429
63550,-59.6923
63600,-73.0446
63650,-61.2502
63700,-53.1288
63750,-64.0244
63800,-79.7973
63850,-65.534
63900,-67.0643
63950,-77.1304
64000,-63.8042
64050,-83.3859
64100,-53.5615
64150,-67.241
64200,-78.5327
64250,-53.9073
64300,-45.6338
64350,-107.239
64400,-52.8391
64450,-74.175
64500,-72.3501
64550,-83.8164
64600,-86.9088
64650,-71.1098
64700,-58.8423
64750,-69.8655
64800,-71.1395
64850,-70.0164
64900,-98.4692
64950,-85.479
65000,-64.1603
65050,-93.8445
65100,-97.3964
65150,-54.8435
65200,-71.2049
65250,-76.9064
65300,-64.0242
65350,-68.5055
65400,-66.1675
65450,-92.7024
65500,-74.188
65550,-79.9727
65600,-89.1575
65650,-71.0002
65700,-60.1251
65750,-67.266
65800,-69.331
65850,-90.0196
65900,-78.2426
65950,-71.4144
66000,-83.7788
66050,-77.2107
66100,-95.0295
66150,-98.9939
66200,-89.0341
66250,-87.6558
66300,-70.1369
66350,-59.3087
66400,-62.3135
66450,-64.1784
66500,-68.7707
66550,-63.6433
66600,-69.8939
66650,-73.5591
66700,-43.2027
66750,-54.7287
66800,-65.1924
66850,-54.3193
66900,-70.2851
66950,-83.6448
67000,-93.299
67050,-80.3774
67100,-77.8084
67150,-79.8069
67200,-42.5111
67250,-72.0788
67300,-60.1963
67350,-67.8313
67400,-61.215
67450,-62.2013
67500,-65.7879
67550,-75.5305
67600,-72.9193
67650,-59.6807
67700,-76.9126
67750,-67.3047
67800,-58.4208
67850,-68.8788
67900,-70.3202
67950,-76.7993
68000,-70.3093
68050,-77.3853
68100,-81.9719
68150,-94.3347
68200,-48.8536
68250,-82.9378
68300,-58.7984
68350,-69.5368
68400,-69.5611
68450,-94.6891
68500,-64.222
68550,-62.6748
68600,-92.2711
68650,-55.1116
68700,-63.622
68750,-87.8192
68800,-54.1041
68850,-49.5057
68900,-65.29
68950,-57.9537
69000,-59.7038
69050,-85.0579
69100,-73.5721
69150,-53.2044
69200,-48.2941
69250,-72.632
69300,-74.0104
69350,-69.0242
69400,-67.958
69450,-50.4561
69500,-81.9145
69550,-53.5429
69600,-79.8928
69650,-69.3748
69700,-81.686
69750,-77.0389
69800,-64.522
69850,-93.5281
69900,-55.8138
69950,-72.4225
70000,-56.638
70050,-66.785
70100,-78.4045
70150,-96.171
70200,-85.872
70250,-70.6218
70300,-82.2346
70350,-91.3775
70400,-71.4582
70450,-68.4789
70500,-81.3208
70550,-64.7123
70600,-66.9344
70650,-58.2182
70700,-60.805
70750,-69.3477
70800,-76.7107
70850,-78.966
70900,-76.5059
70950,-63.1234
71000,-103.028
71050,-73.224
71100,-71.9113
71150,-65.6864
71200,-105.248
71250,-69.5177
71300,-57.0501
71350,-89.4239
71400,-93.0647
71450,-87.5511
71500,-67.6074
71550,-75.5657
71600,-63.9223
71650,-49.4499
71700,-91.1905
71750,-75.1551
71800,-67.4311
71850,-58.8046
71900,-64.4844
71950,-63.2212
72000,-96.8187
72050,-76.5238
72100,-61.0267
72150,-60.3579
72200,-71.1173
72250,-113.322
72300,-63.6759
72350,-73.2387
72400,-91.0677
72450,-62.4391
72500,-112.152
72550,-72.1408
72600,-63.93
72650,-59.1364
72700,-82.8388
72750,-75.5501
72800,-55.9621
72850,-65.0684
72900,-50.8621
72950,-56.5097
73000,-66.8302
73050,-76.018
73100,-90.1646
73150,-59.9251
73200,-79.8018
73250,-83.5334
73300,-64.9401
73350,-75.7653
73400,-72.1527
73450,-67.3475
73500,-65.6357
73550,-61.7314
73600,-97.2067
73650,-67.4732
73700,-85.4192
73750,-69.1776
73800,-84.4947
73850,-72.9103
73900,-95.0878
73950,-74.9142
74000,-73.6636
74050,-60.2406
74100,-122.809
74150,-113.854
74200,-59.015
74250,-167.701
74300,-153.783
74350,-176.011
74400,-166.978
74450,-167.958
74500,-156.047
74550,-174.765
74600,175.684
74650,-176.295
74700,-171.935
74750,-172.012
74800,-121.568
74850,-97.2297
74900,-40.8966
74950,-59.1538
75000,-42.966
75050,-71.5814
75100,-57.3808
75150,-73.4013
75200,-80.2319
75250,-49.3983
75300,-104.381
75350,-63.5687
75400,-70.8672
75450,-124.506
75500,-149.745
75550,-162.094
75600,-173.149
75650,-175.977
75700,-150.227
75750,-171.327
75800,-158.131
75850,-157.843
75900,-120.734
75950,-155.544
76000,-118.161
76050,-167.828
76100,-89.1089
76150,-52.6336
76200,-74.8507
76250,-77.5135
76300,-124.27
76350,-93.5843
76400,-100.258
76450,-120.543
76500,-62.4882
76550,-87.3849
76600,-93.2903
76650,-117.519
76700,-77.1921
76750,-120.199
76800,-170.389
76850,-140.733
76900,-155.65
76950,-100.564
77000,-67.8494
77050,-112.738
77100,-66.3573
77150,-45.3894
77200,-91.1256
77250,-130.112
77300,-80.159
77350,-145.6
77400,-161.188
77450,-165.939
77500,-147.554
77550,-153.434
77600,-176.456
77650,-146.041
77700,-160.745
77750,-149.549
77800,-134.305
77850,-162.857
77900,-109.887
77950,-83.7014
78000,-160.627
78050,-174.948
78100,-172.692
78150,-162.327
78200,-129.989
78250,-133.037
78300,-148.802
78350,-135.081
78400,-137.775
78450,-74.8386
78500,-139.767
78550,-114.806
78600,-141.542
78650,-56.3384
78700,-140.922
78750,-160.77
78800,-175.463
78850,-157.569
78900,-166.415
78950,-174.516
79000,178.813
79050,-164.211
79100,-120.542
79150,-176.068
79200,-136.486
79250,-109.843
79300,-158.83
79350,-114.121
79400,-170.424
79450,-159.742
79500,-158.289
79550,-173.101
79600,-171.364
79650,179.387
79700,-175.651
79750,170.683
79800,-178.836
79850,-168.541
79900,-172.629
79950,-151.348
80000,-169.643
80050,-170.849
80100,-159.166
80150,-159.401
80200,-172.421
80250,-165.029
80300,-165.255
80350,-160.701
80400,-160.412
80450,-158.929
80500,-162.677
80550,-175.208
80600,-155.858
80650,-165.612
80700,-133.302
80750,-175.391
80800,-175.664
80850,-176.29
80900,-62.846
80950,-173.359
81000,-169.74
81050,-166.535
81100,-145.071
81150,-166.44
81200,-161.663
81250,-171.718
81300,179.552
81350,-148.69
81400,-176.183
81450,-166.933
81500,-165.583
81550,-177.154
81600,-125.215
81650,-151.826
81700,-139.53
81750,-136.264
81800,-176.515
81850,-173.09
81900,-162.243
81950,-164.046
82000,172.492
82050,-176.994
82100,-75.8591
82150,-179.959
82200,-172.919
82250,-161.995
82300,-166.796
82350,-152.576
82400,172.79
82450,-75.2397
82500,-51.6075
82550,-149.305
82600,-162.614
82650,-107.369
82700,-115.729
82750,-82.5514
82800,-65.6596
82850,-85.2373
82900,-72.1831
82950,-67.4631
83000,-71.2971
83050,-74.9549
83100,-74.4063
83150,-152.212
83200,-168.791
83250,-165.966
83300,170.875
83350,-70.72
83400,170.962
83450,-158.722
83500,-174.726
83550,-170.307
83600,-74.503
83650,-178.286
83700,174.934
83750,-171.319
83800,-156.094
83850,-168.368
83900,-174.971
83950,-163.463
84000,-150.957
84050,-159.397
84100,-162.988
84150,-164.028
84200,-156.343
84250,-153.091
84300,-159.052
84350,-174.788
84400,-175.38
84450,-177.082
84500,-171.584
84550,177.38
84600,177.763
84650,-173.871
84700,-163.827
84750,-157.324
84800,-173.433
84850,-169.49
84900,164.236
84950,-171.141
85000,-173.972
85050,-178.606
85100,-159.6
85150,-161.55
85200,-160.582
85250,-168.102
85300,-168.15
85350,-175.632
85400,-171.906
85450,-170.199
85500,-167.104
85550,-169.859
85600,-174.103
85650,-165.288
85700,-170.674
85750,-172.22
85800,-151.535
85850,175.364
85900,-167.756
85950,-173.632
86000,-158.688
86050,-175.663
86100,-159.522
86150,-166.618
86200,-176.368
86250,-166.273
86300,-164.781
86350,-168.242
86400,-175.511
86450,-174.291
86500,-168.772
86550,175.774
86600,-79.8018
86650,-60.8135
86700,-54.1152
86750,-41.2163
86800,-53.1429
86850,-71.3628
86900,-44.9668
86950,-52.6546
87000,-64.4502
87050,-67.4484
87100,-59.31
87150,-65.221
87200,-56.7948
87250,-54.8983
87300,-156.791
87350,-110.967
87400,-139.99
87450,-157.145
87500,-150.604
87550,-71.3915
87600,-70.2778
87650,-71.266
87700,-70.0546
87750,-79.0249
87800,-123.146
87850,-70.0807
87900,-84.3756
87950,-169.5
88000,-137.898
88050,-54.0666
88100,-56.9831
88150,-76.4572
88200,-60.4078
88250,-84.8635
88300,-68.0323
88350,-48.0155
88400,-66.7367
88450,-49.7305
88500,-52.4317
88550,-66.3201
88600,-58.6426
88650,-61.8543
88700,-72.7994
88750,-167.784
88800,-171.006
88850,-177.175
88900,-78.2503
88950,-172.906
89000,179.88
89050,-177.24
89100,-173.649
89150,-179.714
89200,-178.49
89250,-176.439
89300,-174.757
89350,-172.724
89400,174.773
89450,-168.649
89500,-179.534
89550,-171.712
89600,-171.882
89650,173.056
89700,174.575
89750,-174.605
89800,173.418
89850,-173.568
89900,-50.1406
89950,-73.3014
90000,-60.167
90050,-109.052
90100,-157.487
90150,-164.673
90200,179.476
90250,-178.397
90300,-179.116
90350,-177.027
90400,-165.909
90450,-175.859
90500,-177.422
90550,-171.882
90600,-176.373
90650,-173.729
90700,-162.52
90750,-175.388
90800,-171.612
90850,-173.487
90900,-174.357
90950,-171.584
91000,175.233
91050,175.001
91100,-179.076
91150,177.519
91200,-176.295
91250,-172.924
91300,-176.007
91350,-165.274
91400,-161.683
91450,-73.1536
91500,-46.7392
91550,-75.0053
91600,-68.6604
91650,-167.733
91700,-114.365
91750,-132.416
91800,-42.4694
91850,-113.025
91900,-47.8847
91950,-160.462
92000,-151.72
92050,-140.878
92100,-164.569
92150,-62.5268
92200,-109.716
92250,-163.422
92300,-179.155
92350,-167.02
92400,-166.692
92450,-169.54
92500,-174.664
92550,-177.335
92600,179.913
92650,-162.241
92700,168.817
92750,174.532
92800,-75.5862
92850,-56.4163
92900,-167.364
92950,-176.509
93000,-177.34
93050,-178.332
93100,-175.43
93150,-174.536
93200,-91.8544
93250,-76.3875
93300,-161.54
93350,-144.291
93400,-175.036
93450,171.577
93500,174.481
93550,177.515
93600,165.692
93650,-173.818
93700,-171.859
93750,-174.026
93800,-175.962
93850,-133.167
93900,-171.704
93950,176.971
94000,-161.897
94050,-154.112
94100,-176.466
94150,-82.0872
94200,-87.8371
94250,-129.802
94300,-109.906
94350,175.478
94400,171.899
94450,-162.455
94500,-177.205
94550,-66.0988
94600,-138.892
94650,-121.944
94700,-121.589
94750,-71.4509
94800,-76.3411
94850,-110.865
94900,-93.1408
94950,-97.4561
95000,-75.6959
95050,-115.613
95100,-59.063
95150,-101.654
95200,-135.975
95250,-153.539
95300,-67.145
95350,-146.108
95400,-156.456
95450,-152.672
95500,-132.928
95550,-150.264
95600,-170.558
95650,168.611
95700,-158.046
95750,-175.035
95800,-173.079
95850,-154.863
95900,-176.871
95950,-164.922
96000,-177.818
96050,-176.009
96100,-170.118
96150,-157.465
96200,172.605
96250,-177.776
96300,179.767
96350,-164.858
96400,-166.291
96450,-163.188
96500,179.251
96550,-176.133
96600,174.771
96650,-167.888
96700,-178.556
96750,173.761
96800,174.144
96850,175.414
96900,161.03
96950,174.905
97000,-177.682
97050,179.775
97100,-172.544
97150,-177.968
97200,172.899
97250,-179.495
97300,167.31
97350,177.021
97400,166.158
97450,177.406
97500,165.607
97550,-177.999
97600,-164.641
97650,-178.316
97700,-174.309
97750,-179.081
97800,-169.949
97850,-169.836
97900,-130.643
97950,163.044
98000,-170.024
98050,166.633
98100,-120.531
98150,-158.873
98200,-170.862
98250,-152.841
98300,168.683
98350,-179.844
98400,165.324
98450,178.206
98500,174.23
98550,-72.9024
98600,-132.63
98650,-135.52
98700,-51.0326
98750,-77.1534
98800,-161.626
98850,176.126
98900,-178.458
98950,-170.827
99000,-170.834
99050,-165.21
99100,-130.318
99150,-65.9825
99200,-167.243
99250,-175.483
99300,-171.532
99350,-167.9
99400,-165.284
99450,-99.9788
99500,-52.2318
99550,-85.3253
99600,-51.6891
99650,-77.4651
99700,-177.471
99750,-154.365
99800,-170.516
99850,-62.0114
99900,-117.692
99950,-98.8166
100000,-140.652
100050,-166.888
100100,-159.099
100150,-168.942
100200,-167.313
100250,178.172
100300,-169.976
100350,-167.102
100400,-158.34
100450,-174.696
100500,-164.157
100550,-168.581
100600,172.523
100650,-169.6
100700,-164.716
100750,-170.54
100800,-175.515
100850,-155.812
100900,-166.563
100950,-172.182
101000,-170.859
101050,-153.276
101100,-165.2
101150,-160.352
101200,-161.094
101250,-168.235
101300,-174.932
101350,-165.739
101400,-170.059
101450,-168.046
101500,-158.66
101550,-169.436
101600,-163.195
101650,-162.06
101700,-161.529
101750,-168.553
101800,-78.5484
101850,-166.537
101900,-161.957
101950,-146.714
102000,-162.824
102050,-149.672
102100,-165.852
102150,-163.844
102200,-161.523
102250,-62.8328
102300,-146.389
102350,-54.601
102400,-70.2969
102450,-71.6634
102500,-92.6281
102550,-62.9929
102600,-179.295
102650,167.168
102700,-85.7666
102750,-95.3779
102800,-109.94
102850,170.563
102900,-173.041
102950,-176.778
103000,-176.587
103050,-109.099
103100,-72.6397
103150,-178.278
103200,167.956
103250,-67.321
103300,-177.083
103350,-102.708
103400,-142.298
103450,-72.3442
103500,-64.5856
103550,-73.2625
103600,-159.972
103650,-158.039
103700,-165.159
103750,-168.582
103800,-166.571
103850,-154.519
103900,178.857
103950,179.011
104000,-177.455
104050,-114.116
104100,-159.679
104150,-162.276
104200,-151.094
104250,-64.2502
104300,-84.6905
104350,-74.7122
104400,-73.4746
104450,-63.692
104500,-66.5452
104550,-62.3641
104600,-65.759
104650,-57.9816
104700,-164.08
104750,175.733
104800,-169.107
104850,-176.334
104900,-178.503
104950,-176.818
105000,-162.502
105050,-174.997
105100,-148.887
105150,-166.614
105200,-123.645
105250,-78.3224
105300,-177.799
105350,-155.676
105400,-170.8
105450,-179.043
105500,177.207
105550,178.678
105600,167.509
105650,-168.699
105700,177.942
105750,-166.373
105800,-167.564
105850,177.398
105900,-158.558
105950,-163.475
106000,-171.251
106050,-160.292
106100,-178.507
106150,-157.785
106200,-170.063
106250,-169.83
106300,-159.669
106350,-90.9227
106400,-85.5125
106450,-168.871
106500,-63.1203
106550,-66.2476
106600,-63.5958
106650,-50.0891
106700,-57.9419
106750,-56.5352
106800,-119.482
106850,-140.636
106900,-124.174
106950,-69.5046
107000,-88.3401
107050,-63.2156
107100,-95.8408
107150,-91.7836
107200,-179.281
107250,-175.91
107300,177.17
107350,168.468
107400,-177.049
107450,-163.062
107500,-173.513
107550,-173.033
107600,-172.875
107650,169.379
107700,-130.203
107750,-110.319
107800,-69.206
107850,-72.6744
107900,-75.1685
107950,-55.8995
108000,-74.8716
108050,-91.0789
108100,-124.032
108150,-138.236
108200,179.838
108250,-66.0499
108300,-101.059
108350,-77.6311
108400,-57.7712
108450,-93.2714
108500,-83.9248
108550,-72.2794
108600,-67.4988
108650,-79.5265
108700,-48.9002
108750,-85.7873
108800,-70.7119
108850,-127.124
108900,-163.612
108950,-142.512
109000,-142.006
109050,-105.003
109100,-97.3725
109150,-84.7413
109200,-169.233
109250,-59.6748
109300,-77.6843
109350,-109.136
109400,-111.318
109450,-80.6271
109500,-58.652
109550,-102.592
109600,-62.3981
109650,-49.6972
109700,-90.5668
109750,-66.6014
109800,-67.1325
109850,-118.195
109900,-147.105
109950,-178.074
110000,-73.4735
110050,-70.4362
110100,-161.052
110150,-175.813
110200,-171.349
110250,-160.557
110300,-167.305
110350,-172.498
110400,-169.481
110450,-167.24
110500,-157.819
110550,-166.159
110600,-166.221
110650,-159.72
110700,-142.139
110750,-135.79
110800,-160.162
110850,-147.681
110900,179.133
110950,-156.621
111000,-147.5
111050,-165.858
111100,-157.473
111150,-165.608
111200,-131.695
111250,-168.935
111300,-152.054
111350,-153.676
111400,-155.136
111450,-138.174
111500,-126.405
111550,-153.758
111600,-155.513
111650,-156.794
111700,-171.103
111750,-153.733
111800,-174.446
111850,-167.707
111900,173.818
111950,-159.126
112000,-178.865
112050,-170.569
112100,-176.119
112150,-169.653
112200,-170.042
112250,177.848
112300,-168.326
112350,-178.565
112400,-158.818
112450,-140.688
112500,-155.757
112550,-136.11
112600,-172.713
112650,-65.3516
112700,-133.493
112750,-63.2223
112800,-58.0946
112850,-100.05
112900,-132.197
112950,-104.193
113000,-142.011
113050,-62.9897
113100,-66.4289
113150,-59.6829
113200,-77.2805
113250,-113.729
113300,-78.5085
113350,-149.297
113400,-56.2176
113450,-147.437
113500,-74.6044
113550,-168.621
113600,-168.283
113650,-167.068
113700,-163.512
113750,-160.795
113800,-149.344
113850,-157.32
113900,-170.245
113950,-171.089
114000,-166.499
114050,-169.865
114100,-168.14
114150,-172.209
114200,-160.787
114250,-177.304
114300,178.889
114350,-143.189
114400,-167.714
114450,-163.21
114500,-167.427
114550,178.487
114600,-166.172
114650,-164.095
114700,-169.033
114750,-161.811
114800,169.481
114850,-156.902
114900,-142.835
114950,-152.301
115000,-126.017
115050,-155.627
115100,-125.707
115150,-54.123
115200,-61.8707
115250,-47.4702
115300,-65.0727
115350,-65.9489
115400,-55.1384
115450,-56.6993
115500,-54.2219
115550,-64.5764
115600,-51.9938
115650,-50.8416
115700,-41.8406
115750,-59.8938
115800,-77.4124
115850,-51.2202
115900,-45.5198
115950,-50.3456
116000,-53.2671
116050,-36.6383
116100,-117.191
116150,-145.55
116200,-178.273
116250,-170.088
116300,-167.552
116350,-173.275
116400,166.612
116450,-171.626
116500,-52.1097
116550,-57.598
116600,-61.2159
116650,-43.5672
116700,-67.5045
116750,-54.0348
116800,-68.5437
116850,-121.279
116900,-156.808
116950,-175.199
117000,-177.655
117050,-176.339
117100,-171.592
117150,-171.184
117200,-176.111
117250,-175.921
117300,-179.506
117350,-172.484
117400,-109.58
117450,-172.089
117500,-176.597
117550,-163.038
117600,-74.9009
117650,-164.919
117700,-56.4754
117750,-56.5697
117800,-81.0453
117850,-157.578
117900,-57.4142
117950,-157.497
118000,-168.776
118050,-156.651
118100,-150.866
118150,-154.164
118200,-146.31
118250,-170.193
118300,-162.547
118350,-156.138
118400,-163.455
118450,-179.461
118500,-166.615
118550,-175.344
118600,177.798
118650,-167.682
118700,-177.836
118750,-161.497
118800,-161.622
118850,-168.177
118900,-168.679
118950,-131.394
119000,-156.007
119050,-159.6
119100,-156.763
119150,-164.735
119200,-175.121
119250,-174.454
119300,-162.378
119350,-168.926
119400,-165.081
119450,-166.652
119500,-175.327
119550,-150.805
119600,-149.777
119650,-165.5
119700,-179.92
119750,-159.084
119800,-132.779
119850,-143.818
119900,-154.507
119950,-157.395
120000,-136.72
120050,-158.382
120100,-154.604
120150,-155.498
120200,-54.0796
120250,-82.9421
120300,-83.533
120350,-67.4051
120400,-54.5822
120450,-73.4281
120500,-164.305
120550,-133.559
120600,-75.6394
120650,-166.268
120700,-171.242
120750,-169.207
120800,-168.968
120850,-150.642
120900,-173.201
120950,-166.39
121000,-171.409
121050,-65.2715
121100,177.78
121150,-165.024
121200,-164.641
121250,-87.1206
121300,-51.7351
121350,-99.7792
121400,-177.173
121450,-175.375
121500,-156.91
121550,-172.666
121600,-168.3
121650,-177.219
121700,-166.46
121750,-169.322
121800,175.519
121850,-176.184
121900,-156.704
121950,-165.25
122000,-167.887
122050,-170.242
122100,173.382
122150,-161.952
122200,-159.141
122250,-168.01
122300,-170.65
122350,-173.607
122400,-172.424
122450,-178.261
122500,-179.137
122550,-172.509
122600,-178.499
122650,-179.553
122700,-121.123
122750,-55.0804
122800,-68.8749
122850,-55.6808
122900,-65.4109
122950,-167.971
123000,178.663
123050,-175.155
123100,-165.117
123150,-175.021
123200,-179.617
123250,-54.4814
123300,-63.9507
123350,-62.1246
123400,-77.6304
123450,-59.788
123500,-62.5723
123550,-96.5756
123600,-84.0013
123650,-97.195
123700,-59.9013
123750,-79.8445
123800,-175.7
123850,-158.939
123900,-172.25
123950,178.806
124000,-177.061
124050,-174.846
124100,175.659
124150,-165.923
124200,-175.703
124250,-172.013
124300,-178.87
124350,-64.0058
124400,-52.0666
124450,-70.03
124500,-56.6564
124550,-97.648
124600,-52.5158
124650,-73.2083
124700,-63.9147
124750,-67.9539
124800,-52.8822
124850,-156.552
124900,173.309
124950,172.461
125000,-102.909
125050,178.457
125100,173.89
125150,177.286
125200,-177.186
125250,170.288
125300,-170.371
125350,178.971
125400,174.714
125450,-178.131
125500,175.788
125550,175.952
125600,-179.573
125650,173.846
125700,175.624
125750,-159.902
125800,177.685
125850,-176.749
125900,-131.853
125950,-176.418
126000,-168.52
126050,-160.917
126100,-171.748
126150,175.536
126200,-179.485
126250,173.649
126300,176.828
126350,-172.57
126400,-154.777
126450,-159.861
126500,174.368
126550,164.795
126600,-157.213
126650,162.966
126700,-173.097
126750,-176.718
126800,171.8
126850,167.359
126900,-178.392
126950,-177.973
127000,-144.519
127050,174.496
127100,174.967
127150,175.211
127200,-163.989
127250,-171.382
127300,-178.751
127350,-172.023
127400,-175.565
127450,-178.411
127500,-171.762
127550,-169.65
127600,-171.122
127650,-170.735
127700,-169.745
127750,-143.027
127800,-168.186
127850,174.328
127900,-175.324
127950,-162.757
128000,-91.8682
128050,-84.9209
128100,-99.3596
128150,-108.184
128200,-174.038
128250,172.845
128300,-175.356
128350,176.497
128400,-121.931
128450,-121.652
128500,-132.412
128550,-64.8749
128600,-63.9434
128650,173.807
128700,-169.322
128750,-174.977
128800,170.934
128850,-177.868
128900,-178.761
128950,167.33
129000,-178.373
129050,177.153
129100,-166.343
129150,171.588
129200,-169.5
129250,174.643
129300,177.935
129350,169.575
129400,-171.919
129450,175.137
129500,-175.076
129550,-179.342
129600,-177.567
129650,-177.455
129700,-167
129750,-165.873
129800,178.65
129850,175.419
129900,-151.446
129950,-164.507
130000,170.857
130050,177.271
130100,168.058
130150,-76.3161
130200,-54.0608
130250,-62.2568
130300,178.71
130350,-149.976
130400,172.253
130450,-174.735
130500,-174.158
130550,-179.878
130600,-146.694
130650,173.611
130700,-164.747
130750,-174.59
130800,-177.494
130850,-155.605
130900,-81.9746
130950,-73.025
131000,-146.868
131050,178.24
131100,-64.0333
131150,-67.0653
131200,-62.73
131250,178.665
131300,-166.782
131350,-113.509
131400,-59.3941
131450,-61.3992
131500,-106.549
131550,-81.7674
131600,-93.027
131650,-46.8933
131700,-71.15
131750,-71.8767
131800,-64.0988
131850,-83.6543
131900,-66.3185
131950,-68.5542
132000,-70.0805
132050,-74.051
132100,-46.2323
132150,-78.5333
132200,-104.113
132250,-86.5469
132300,-116.342
132350,-70.2531
132400,-67.7548
132450,-61.4966
132500,-64.3368
132550,-56.8586
132600,-87.3084
132650,-59.8492
132700,-64.4201
132750,-65.1972
132800,-45.3676
132850,-73.3098
132900,-77.9555
132950,-64.3993
133000,-68.5187
133050,-69.3439
133100,-97.6317
133150,-60.9058
133200,-75.9946
133250,-78.9042
133300,-68.5088
133350,-71.6642
133400,-64.7698
133450,-54.6438
133500,-61.5082
133550,-60.0308
133600,-76.9736
133650,-60.1673
133700,-52.7057
133750,-73.8079
133800,-48.7177
133850,-68.2197
133900,-73.7386
133950,-51.3275
134000,-57.3383
134050,-67.9215
134100,-73.0788
134150,-61.7068
134200,-86.6977
134250,-73.0841
134300,-63.5405
134350,-63.1909
134400,-108.673
134450,-63.371
134500,-61.7384
134550,-63.0515
134600,-165.557
134650,-70.6954
134700,-149.225
134750,-71.4145
134800,-50.9704
134850,-42.5484
134900,-36.7571
134950,-58.1082
135000,-48.0982
135050,-67.8151
135100,-72.6192
135150,-60.9374
135200,-96.2809
135250,-61.4727
135300,-169.621
135350,-130.009
135400,-177.756
135450,-176.463
135500,-68.0053
135550,-121.808
135600,-116.839
135650,-71.7518
135700,-68.4643
135750,-76.7486
135800,-67.605
135850,-48.7164
135900,-149.558
135950,-77.6304
136000,-145.65
136050,-80.3607
136100,-134.436
136150,-156.512
136200,-125.114
136250,-116.008
136300,-127.202
136350,-126.547
136400,-172.401
136450,-155.361
136500,-166.2
136550,-154.967
136600,-134.752
136650,-175.928
136700,-159.678
136750,-155.089
136800,-135.476
136850,-125.09
136900,-175.245
136950,-156.126
137000,-158.973
137050,-151.127
137100,-72.6267
137150,-63.1283
137200,-68.395
137250,-155.021
137300,-176.013
137350,-169.992
137400,-177.691
137450,170.551
137500,-172.259
137550,-40.7552
137600,179.05
137650,-161.972
137700,-179.433
137750,178.771
137800,-154.571
137850,-163.713
137900,-138.762
137950,-52.9855
138000,-169.268
138050,179.726
138100,175.176
138150,178.842
138200,-170.831
138250,-168.197
138300,-162.839
138350,-130.736
138400,-141.853
138450,-148.217
138500,-62.7014
138550,-66.0983
138600,-53.954
138650,-57.5121
138700,-62.6226
138750,-53.448
138800,-144.745
138850,176.637
138900,-171.352
138950,179.21
139000,-178.756
139050,-170.486
139100,177.994
139150,178.463
139200,-178.387
139250,-176.85
139300,-57.3968
139350,-103.01
139400,-158.536
139450,-166.8
139500,-76.7205
139550,-160.562
139600,-67.2272
139650,-70.148
139700,-154.533
139750,-122.562
139800,-63.6011
139850,-67.2088
139900,-61.7259
139950,-152.692
140000,-165.13
140050,-164.784
140100,-178.152
140150,-164.715
140200,-175.802
140250,-164.999
140300,176.748
140350,-178.367
140400,-168.081
140450,-156.625
140500,-173.816
140550,-138.78
140600,-168.918
140650,179.534
140700,-161.854
140750,-179.072
140800,168.746
140850,171.53
140900,-178.526
140950,-167.042
141000,178.248
141050,-172.118
141100,179.486
141150,-164.824
141200,-177.69
141250,-175.746
141300,-166.967
141350,-177.917
141400,-159.539
141450,176.254
141500,-165.952
141550,-166.698
141600,-169.793
141650,-163.862
141700,174.122
141750,-171.684
141800,-168.901
141850,-178.445
141900,-178.358
141950,-169.85
142000,-176.446
142050,173.961
142100,172.832
142150,172.683
142200,-171.565
142250,-98.046
142300,-69.6187
142350,-85.1256
142400,-41.949
142450,-105.871
142500,-55.7435
142550,-89.6492
142600,-52.9693
142650,-64.6225
142700,-56.0032
142750,-87.6208
142800,-167.117
142850,-162.578
142900,-120.735
142950,-159.176
143000,-122.233
143050,-168.505
143100,-175.552
143150,-175.765
143200,-86.8215
143250,-111.032
143300,-168.622
143350,-102.085
143400,-169.727
143450,-176.754
143500,-167.237
143550,-150.136
143600,-121.674
143650,-161.853
143700,-179.065
143750,-174.1
143800,-110.229
143850,-88.5037
143900,-67.0552
143950,-72.0614
144000,-99.8613
144050,-58.0573
144100,-78.8607
144150,-74.1716
144200,-73.609
144250,-79.9861
144300,-73.3394
144350,-84.6034
144400,-68.3736
144450,-66.8628
144500,-64.8887
144550,-51.4881
144600,-58.1629
144650,-47.6285
144700,-62.5202
144750,-60.3394
144800,-56.0413
144850,-103.592
144900,-64.2136
144950,-67.8604
145000,-58.9782
145050,-59.508
145100,-72.897
145150,-70.979
145200,-48.8362
145250,-62.3426
145300,-43.5248
145350,-86.0358
145400,-56.887
145450,-68.4372
145500,-53.9228
145550,-51.1013
145600,-65.8747
145650,-51.4795
145700,-52.0886
145750,-58.7662
145800,-67.4252
145850,-66.9155
145900,-68.1362
145950,-60.6935
146000,-65.3521
146050,-57.0148
146100,-44.0873
146150,-61.1129
146200,-41.552
146250,-55.9552
146300,-73.0937
146350,-67.4951
146400,-51.4822
146450,-59.8161
146500,-77.9291
146550,-113.736
146600,-93.835
146650,-54.6496
146700,-54.7926
146750,-173.086
146800,-153.863
146850,-158.352
146900,-154.492
146950,-175.747
147000,-165.257
147050,-171.045
147100,-178.293
147150,-162.042
147200,179.673
147250,-167.491
147300,-173.526
147350,-172.157
147400,-171.378
147450,175.043
147500,179.917
147550,-173.613
147600,-164.834
147650,-176.839
147700,173.307
147750,-166.837
147800,-168.613
147850,-177.723
147900,-179.787
147950,-179.804
148000,-153.302
148050,-156.111
148100,-131.58
148150,-58.1499
148200,-132.283
148250,-110.539
148300,-75.5084
148350,-57.7833
148400,-61.5246
148450,-53.3595
148500,-83.3592
148550,-169.573
148600,-162.645
148650,-146.312
148700,-179.852
148750,-174.353
148800,176.001
148850,-171.477
148900,-165.171
148950,-169.171
149000,-168.775
149050,-167.126
149100,-161.159
149150,-149.628
149200,-127.303
149250,-166.307
149300,-157.548
149350,-171.549
149400,177.186
149450,-162.225
149500,-161.294
149550,-167.211
149600,-167.782
149650,-174.869
149700,-160.797
149750,-164.093
149800,-167.711
149850,-170.686
149900,-171.043
149950,-135.153
150000,-165.244
150050,-166.878
150100,-131.45
150150,-160.266
150200,-179.948
150250,-160.493
150300,-167.253
150350,-174.589
150400,-141.666
150450,-172.172
150500,-59.4764
150550,-154.965
150600,-62.8906
150650,-62.8635
150700,-128.112
150750,-59.5589
150800,-79.7305
150850,-87.2786
150900,-86.8749
150950,-179.524
151000,-67.3164
151050,-76.2952
151100,-114.062
151150,-66.0076
151200,-133.889
151250,-72.2133
151300,-163.696
151350,-58.9832
151400,-99.7923
151450,-166.571
151500,-105.098
151550,-56.0442
151600,-61.3997
151650,-62.5421
151700,-94.0514
151750,-90.3331
151800,-128.998
151850,-53.6771
151900,-56.9982
151950,-55.8776
152000,-72.6666
152050,-61.0852
152100,-58.6685
152150,-62.2305
152200,-62.5639
152250,-70.0683
152300,-74.5829
152350,-85.0785
152400,-114.959
152450,-47.782
152500,-75.3025
152550,-143.297
152600,-116.986
152650,-149.664
152700,-60.594
152750,-151.2
152800,-72.5714
152850,-153.239
152900,-58.2865
152950,-96.2738
153000,-49.8023
153050,-57.933
153100,-70.2105
153150,-71.382
153200,-77.1776
153250,-81.9496
153300,-62.4087
153350,-58.6936
153400,-54.5886
153450,-56.5179
153500,-72.9993
153550,-64.2164
153600,-105.284
153650,-59.015
153700,-64.5475
153750,-119.097
153800,-60.2742
153850,-69.0752
153900,-64.9888
153950,-76.2172
154000,-124.655
154050,-59.1509
154100,-52.5429
154150,-55.1762
154200,-50.2401
154250,-76.9585
154300,-64.7069
154350,-75.6483
154400,-56.9063
154450,-57.642
154500,-65.9675
154550,-77.5085
154600,-142.351
154650,-78.7654
154700,-118.476
154750,-103.045
154800,-65.0401
154850,-73.6089
154900,-38.5248
154950,-63.3644
155000,-53.2314
155050,-86.9761
155100,-61.5288
155150,-79.9296
155200,-56.8767
155250,-67.2291
155300,-46.8327
155350,-45.5926
155400,-70.4293
155450,-58.5455
155500,-170.071
155550,-154.548
155600,-148.322
155650,-63.6658
155700,-67.4321
155750,-57.0131
155800,-119.445
155850,-164.904
155900,-163.978
155950,-175.488
156000,-95.0016
156050,-80.221
156100,-162.234
156150,-171.278
156200,-164.751
156250,-58.7482
156300,-80.4641
156350,-85.888
156400,-50.1871
156450,-49.089
156500,-74.7469
156550,-77.5179
156600,-66.6428
156650,-172.056
156700,-89.4646
156750,-47.9586
156800,-122.728
156850,-62.1475
156900,-127.369
156950,-66.379
157000,-61.2371
157050,-60.9255
157100,-55.3924
157150,-72.5444
157200,-63.0431
157250,-60.5234
157300,-72.0142
157350,-80.321
157400,-62.8077
157450,-78.7812
157500,-56.0061
157550,-70.6047
157600,-58.6226
157650,-85.913
157700,-86.6146
157750,-71.1902
157800,-71.7397
157850,-63.7368
157900,-76.9722
157950,-156.576
158000,-163.648
158050,-176.666
158100,-167.394
158150,-147.502
158200,173.63
158250,-156.082
158300,-150.9
158350,-169.443
158400,-173.637
158450,-168.538
158500,-159.355
158550,-61.9728
158600,-80.276
158650,-56.22
158700,-82.5153
158750,-67.2846
158800,-69.9538
158850,-87.9454
158900,-61.363
158950,-174.951
159000,-168.597
159050,-174.259
159100,-115.643
159150,-68.9521
159200,-53.7741
159250,-72.0651
159300,-76.796
159350,-79.3732
159400,-94.5252
159450,-89.4885
159500,-62.4337
159550,-77.9998
159600,-58.9201
159650,-61.285
159700,-75.8864
159750,-90.0857
159800,-61.4468
159850,-102.482
159900,-68.253
159950,-63.9557
160000,-81.063
160050,-100.446
160100,-71.6122
160150,-74.7507
160200,-122.096
160250,-57.0541
160300,-115.524
160350,-72.6758
160400,-55.7397
160450,-77.8894
160500,-70.2408
160550,-164.421
160600,-108.938
160650,-122.23
160700,-164.718
160750,-116.131
160800,-79.572
160850,-79.9074
160900,-47.2682
160950,-54.9988
161000,-60.3937
161050,-75.7801
161100,-136.405
161150,-132.524
161200,-64.1576
161250,-69.4142
161300,173.068
161350,-165.275
161400,-174.034
161450,-161.521
161500,-173.051
161550,173.76
161600,178.796
161650,179.968
161700,-166.822
161750,-176.304
161800,179.172
161850,175.669
161900,-178.422
161950,179.033
162000,-171.401
162050,-161.091
162100,-98.6781
162150,176.824
162200,-174.139
162250,-179.84
162300,-165.655
162350,-167.698
162400,-172.537
162450,-168.832
162500,-156.095
162550,-166.372
162600,-179.795
162650,-171.132
162700,-148.244
162750,-158.285
162800,-160.411
162850,-170.919
162900,-169.429
162950,-175.305
163000,-163.324
163050,-177.417
163100,-176.588
163150,176.995
163200,176.583
163250,178.848
163300,-168.317
163350,-161.509
163400,-176.022
163450,-175.57
163500,-158.041
163550,-172.654
163600,176.874
163650,-174.606
163700,-167.585
163750,-64.1665
163800,-93.6074
163850,-47.8474
163900,-61.1911
163950,-61.3897
164000,-75.3761
164050,-68.3755
164100,-61.3843
164150,-46.4227
164200,-60.7741
164250,-178.749
164300,-169.304
164350,-166.294
164400,-173.682
164450,-178.152
164500,-164.736
164550,-157.626
164600,-77.6419
164650,-134.04
164700,-129.358
164750,-160.718
164800,-159.315
164850,-67.8265
164900,-59.0603
164950,-73.3263
165000,-108.106
165050,-74.4611
165100,-85.7665
165150,-74.5745
165200,-108.701
165250,-177.062
165300,-104.958
165350,-89.9876
165400,-160.249
165450,-58.4936
165500,-177.239
165550,-166.337
165600,-174.971
165650,-83.289
165700,-66.8919
165750,-143.381
165800,-100.282
165850,174.682
165900,-168.215
165950,-177.138
166000,169.662
166050,-169.537
166100,-176.189
166150,-171.786
166200,-176.453
166250,-168.641
166300,-167.592
166350,-169.436
166400,-161.368
166450,173.099
166500,-176.232
166550,-168.863
166600,-175.524
166650,173.428
166700,-164.641
166750,-170.505
166800,-176.032
166850,-177.674
166900,-167.742
166950,-153.052
167000,-60.6777
167050,-72.9549
167100,176.143
167150,-130.243
167200,-120.022
167250,-178.691
167300,-55.6603
167350,-158.288
167400,-168.156
167450,-91.2897
167500,-78.7776
167550,-71.5897
167600,-60.9004
167650,-49.849
167700,-48.2688
167750,-57.6782
167800,-57.8932
167850,-164.355
167900,-160.865
167950,-104.954
168000,-68.0937
168050,-160.833
168100,-163.504
168150,-63.1329
168200,-78.7823
168250,-61.7227
168300,-65.4438
168350,-96.9853
168400,-70.3267
168450,177.282
168500,-153.942
168550,-170.037
168600,-162.42
168650,174.087
168700,165.312
168750,167.97
168800,-170.017
168850,-165.894
168900,-159.907
168950,-179.221
169000,-57.1754
169050,-59.1286
169100,-65.2371
169150,-171.66
169200,-138.663
169250,-52.1692
169300,-55.4991
169350,-58.4457
169400,-62.055
169450,-57.9545
169500,-62.2051
169550,-65.9756
169600,-61.4869
169650,-110.89
169700,-50.1153
169750,-68.36
169800,-60.7317
169850,-64.6346
169900,-111.176
169950,-167.862
170000,-140.096
170050,-162.13
170100,-164.987
170150,-165.833
170200,-157.458
170250,-144.721
170300,-164.978
170350,-153.727
170400,-135.273
170450,-169.746
170500,-172.254
170550,-176.415
170600,-127.836
170650,-163.495
170700,-161.095
170750,-129.26
170800,-128.563
170850,-73.4289
170900,-126.56
170950,-99.5578
171000,-106.534
171050,-126.045
171100,-106.536
171150,-166.64
171200,-125.602
171250,-168.513
171300,-91.199
171350,-111.23
171400,-128.568
171450,-130.559
171500,-110.76
171550,-53.9635
171600,-57.7225
171650,-51.4811
171700,-64.8336
171750,-54.9321
171800,-58.3174
171850,-77.9716
171900,-127.621
171950,-118.58
172000,-164.792
172050,-158.324
172100,-168.577
172150,-169.235
172200,171.055
172250,-167.634
172300,178.352
172350,-145.342
172400,165.72
172450,176.087
172500,-178.809
172550,-168.071
172600,-172.967
172650,-168.284
172700,-176.189
172750,-179.972
172800,175.686
172850,174.596
172900,-164.527
172950,178.999
173000,-175.517
173050,-164.237
173100,175.852
173150,169.258
173200,-177.815
173250,174.827
173300,-174.832
173350,-170.795
173400,-178.296
173450,-167.462
173500,-177.043
173550,173.604
173600,-161.821
173650,-167.673
173700,-164.009
173750,-162.255
173800,-173.648
173850,-171.557
173900,-167.367
173950,-177.831
174000,169.969
174050,-174.282
174100,-172.397
174150,-166.964
174200,-171.324
174250,-163.487
174300,-172.63
174350,-46.3726
174400,-65.8354
174450,-71.6392
174500,-179.166
174550,-163.306
174600,-166.124
174650,-163.949
174700,-167.323
174750,-172.775
174800,-136.46
174850,-165.89
174900,-150.056
174950,-61.0315
175000,-136.409
175050,-167.417
175100,-89.5248
175150,174.449
175200,178.313
175250,172.696
175300,-176.642
175350,-159.74
175400,179.487
175450,-132.476
175500,-175.79
175550,-165.915
175600,178.445
175650,-168.995
175700,-132.758
175750,-171.177
175800,-165.342
175850,-177.745
175900,178.896
175950,179.641
176000,-150.964
176050,-169.035
176100,-176.747
176150,-173.018
176200,-73.523
176250,-177.056
176300,-172.02
176350,-177.897
176400,-78.1092
176450,-45.3214
176500,172.219
176550,-66.8413
176600,-148.261
176650,-176.549
176700,-64.4032
176750,-74.2307
176800,-159.463
176850,-153.801
176900,-73.4315
176950,-164.005
177000,-63.7542
177050,-162.746
177100,-146.061
177150,-153.513
177200,-77.5202
177250,-54.5469
177300,-75.7956
177350,-61.0248
177400,-83.8009
177450,-66.5551
177500,-79.5211
177550,-63.5249
177600,-50.4156
177650,-71.3556
177700,-53.9218
177750,-78.4904
177800,-58.8611
177850,-85.662
177900,-64.3213
177950,-56.5173
178000,-64.255
178050,-59.9322
178100,-49.8767
178150,-54.379
178200,-123.246
178250,-64.1423
178300,-73.1903
178350,-51.8299
178400,-151.053
178450,-160.699
178500,-67.592
178550,-61.27
178600,-58.5295
178650,-44.1239
178700,-93.6282
178750,-53.8839
178800,-66.792
178850,-61.7593
178900,-61.4922
178950,-64.9994
179000,-51.9168
179050,-52.645
179100,-71.577
179150,-59.7999
179200,-46.4416
179250,-58.8808
179300,-46.5195
179350,-60.4991
179400,-70.3349
179450,-57.6865
179500,-57.6538
179550,-84.7776
179600,175.756
179650,-144.655
179700,-163.357
179750,-166.768
179800,-137.188
179850,-133.657
179900,-169.709
179950,-136.411
180000,-158.415
180050,-163.862
180100,-161.301
180150,-174.052
180200,-169.291
180250,175.794
180300,-169.095
180350,-168.616
180400,-173.529
180450,-96.4428
180500,-170.799
180550,174.939
180600,-164.813
180650,-173.737
180700,-178.533
180750,-166.053
180800,-166.299
180850,179.433
180900,-178.274
180950,-163.497
181000,-174.25
181050,-162.208
181100,-169.941
181150,-170.827
181200,-173.88
181250,-169.091
181300,-151.162
181350,-148.33
181400,-159.483
181450,171.38
181500,179.994
181550,177.309
181600,-112.905
181650,-164.371
181700,-170.135
181750,-165.777
181800,-167.971
181850,175.371
181900,179.519
181950,-166.39
182000,175.641
182050,176.179
182100,-164.356
182150,-172.441
182200,-164.717
182250,-169.778
182300,177.009
182350,-63.2627
182400,-167.45
182450,-179.037
182500,-175.985
182550,-175.449
182600,-176.774
182650,-122.024
182700,-170.35
182750,-175.372
182800,-164.348
182850,-177.556
182900,-152.106
182950,-170.769
183000,-132.801
183050,-161.736
183100,-162.748
183150,-171.507
183200,176.287
183250,-169.991
183300,-166.813
183350,-176.695
183400,-169.535
183450,-140.583
183500,-163.621
183550,-163.44
183600,-150.783
183650,177.826
183700,-174.407
183750,-170.456
183800,-155.468
183850,174.934
183900,179.551
183950,-111.51
184000,-69.1061
184050,-80.2899
184100,-125.705
184150,178.14
184200,-160.088
184250,-168.538
184300,-165.66
184350,-154.927
184400,-165.925
184450,-175.024
184500,-158.107
184550,-177.054
184600,-164.955
184650,-132.79
184700,-149.202
184750,-172.646
184800,-172.804
184850,-161.802
184900,-159.358
184950,-160.263
185000,-169.801
185050,-170.419
185100,-161.192
185150,-155.641
185200,-173.509
185250,173.271
185300,163.039
185350,-178.461
185400,179.56
185450,-168.3
185500,-172.577
185550,-163.276
185600,-167.827
185650,-167.605
185700,-112.274
185750,-152.374
185800,-159.997
185850,-173.048
185900,-162.12
185950,-170.347
186000,-158.315
186050,-153.795
186100,-175.277
186150,-71.155
186200,-92.8798
186250,-169.103
186300,-52.5124
186350,-175.371
186400,-173.986
186450,-175.034
186500,-165.197
186550,-171.35
186600,-170.87
186650,-170.804
186700,176.533
186750,-63.7108
186800,-174.756
186850,-166.067
186900,-160.182
186950,-170.439
187000,-165.446
187050,-162.613
187100,-177.551
187150,-179.151
187200,-177.168
187250,-170.405
187300,178.555
187350,-175.181
187400,176.628
187450,-152.145
187500,176.98
187550,-178.435
187600,-168.409
187650,-167.438
187700,179.894
187750,-170.288
187800,177.635
187850,176.197
187900,-152.185
187950,-167.685
188000,179.023
188050,-173.745
188100,179.77
188150,-176.319
188200,174.139
188250,-171.457
188300,-171.232
188350,-178.51
188400,-178.645
188450,-174.569
188500,-167.053
188550,-178.795
188600,-166.193
188650,-161.43
188700,-161.119
188750,-163.259
188800,179.69
188850,-168.256
188900,175.278
188950,-176.528
189000,-170.444
189050,-169.827
189100,-178.819
189150,-177.264
189200,-170.203
189250,-179.552
189300,-176.751
189350,179.529
189400,179.239
189450,-166.467
189500,-167.109
189550,-160.47
189600,179.186
189650,-173.518
189700,-167.284
189750,-178.711
189800,-175.619
189850,-174.617
189900,172.38
189950,-172.681
190000,-176.193
190050,-166.48
190100,-155.131
190150,-176.256
190200,-150.93
190250,170.878
190300,-161.159
190350,-173.365
190400,-166.978
190450,-169.359
190500,-174.355
190550,-65.8725
190600,-89.5434
190650,-56.2719
190700,-55.425
190750,-65.2663
190800,-72.2792
190850,-67.0408
190900,-63.3944
190950,-171.539
191000,-175.224
191050,-163.287
191100,-60.5792
191150,-58.8977
191200,-60.3432
191250,-69.6814
191300,-66.4406
191350,-57.2456
191400,-58.3802
191450,-105.661
191500,-80.5069
191550,-50.3369
191600,-46.8707
191650,-56.458
191700,-73.7677
191750,-71.5147
191800,-65.9346
191850,-68.53
191900,-77.4809
191950,-59.5701
192000,-84.316
192050,-64.6473
192100,-77.4059
192150,-58.1814
192200,-57.2505
192250,-89.5821
192300,-59.0821
192350,-112.223
192400,-60.491
192450,-60.2881
192500,-77.5532
192550,-93.3271
192600,-57.071
192650,-96.9591
192700,-80.3296
192750,-92.8933
192800,-76.4533
192850,-102.262
192900,-171.301
192950,-167.117
193000,-166.512
193050,178.502
193100,-53.4574
193150,-73.3717
193200,-57.8289
193250,-52.5416
193300,-65.7711
193350,-60.5185
193400,-73.6739
193450,-65.2414
193500,-57.6449
193550,-96.8929
193600,-72.7212
193650,-66.8359
193700,-65.8986
193750,-82.2681
193800,-61.7408
193850,-57.5899
193900,-83.4838
193950,-75.1487
194000,-65.0397
194050,-66.558
194100,-90.9553
194150,-92.1292
194200,-54.5132
194250,-66.5578
194300,-62.8179
194350,-71.242
194400,-65.2531
194450,-53.3695
194500,-71.3651
194550,-66.2598
194600,-82.1099
194650,-65.798
194700,-74.8894
194750,-55.2739
194800,-72.4826
194850,-55.9552
194900,-46.7477
194950,-97.0738
195000,-53.0837
195050,-78.9706
195100,-64.731
195150,-77.193
195200,-58.8859
195250,-59.705
195300,-84.551
195350,-61.8147
195400,-58.3173
195450,-65.3325
195500,-64.7719
195550,-69.8701
195600,-56.0863
195650,-58.5001
195700,-60.9738
195750,-59.4008
195800,-61.3006
195850,-58.8292
195900,-56.0455
195950,-88.9797
196000,-70.0361
196050,-67.8876
196100,-95.1627
196150,-76.8443
196200,-52.9222
196250,-61.2524
196300,-72.408
196350,-85.0082
196400,-60.6733
196450,-74.5685
196500,-68.9535
196550,-73.6353
196600,-68.1017
196650,-56.3392
196700,-63.8021
196750,-72.0178
196800,-81.6455
196850,-74.4227
196900,-72.7996
196950,-58.6329
197000,-68.4715
197050,-46.8853
197100,-70.1774
197150,-84.7027
197200,-65.0563
197250,-63.1225
197300,-71.2083
197350,-60.5265
197400,-80.4028
197450,-69.5474
197500,-69.9056
197550,-61.1813
197600,-62.3493
197650,-66.5047
197700,-62.2718
197750,-66.8195
197800,-42.2854
197850,-68.7651
197900,-62.9127
197950,-47.4656
198000,-84.1589
198050,-71.3798
198100,-81.0631
198150,-50.9879
198200,-78.2364
198250,-79.4998
198300,-90.8463
198350,-62.1131
198400,-59.7495
198450,-67.9197
198500,-68.8287
198550,-84.9629
198600,-66.5486
198650,-68.1102
198700,-75.1222
198750,-84.7444
198800,-71.0464
198850,-66.5893
198900,-65.6378
198950,-70.87
199000,-61.4258
199050,-64.3849
199100,-50.289
199150,-60.7368
199200,-52.878
199250,-67.023
199300,-69.5891
199350,-72.5768
199400,-69.2937
199450,-76.7968
199500,-81.5758
199550,-59.3746
199600,-74.1351
199650,-75.2714
199700,-51.3492
199750,-60.2482
199800,-68.6306
199850,-56.0107
199900,-60.3218
199950,-58.6867
200000,-52.4194
200050,-60.8717
200100,-111.439
200150,-70.5828
200200,-64.4927
200250,-56.0633
200300,-91.0214
200350,-64.67
200400,-62.7313
200450,-71.0011
200500,-74.5863
200550,-64.557
200600,-66.0322
200650,-90.3731
200700,-47.1796
200750,-58.2031
200800,-53.5392
200850,-51.0445
200900,-69.4448
200950,-97.8173
201000,-91.1062
201050,-62.7815
201100,-58.3388
201150,-77.4419
201200,-70.5754
201250,-66.5481
201300,-65.1016
201350,-73.2654
201400,-57.5055
201450,-76.0535
201500,-57.8403
201550,-84.6977
201600,-111.212
201650,-88.7756
201700,-57.5471
201750,-145.964
201800,-59.3074
201850,-68.33
201900,-65.892
201950,-136.965
202000,-129.232
202050,-116.367
202100,-109.741
202150,-65.4829
202200,-80.0752
202250,-64.7858
202300,-86.9127
202350,-84.3479
202400,-61.6358
202450,-152.458
202500,-114.958
202550,-60.2867
202600,-77.8539
202650,-78.8921
202700,-51.8328
202750,-52.4907
202800,-64.5872
202850,-64.6777
202900,-74.8098
202950,-79.4301
203000,-96.3914
203050,-111.425
203100,-74.5362
203150,-65.8148
203200,-65.304
203250,-116.794
203300,-66.2035
203350,-48.4597
203400,-88.7407
203450,-82.2219
203500,-57.5888
203550,-78.7481
203600,-52.7906
203650,-58.97
203700,-124.14
203750,-90.1668
203800,-63.4231
203850,-72.4774
203900,-118.504
203950,-56.5506
204000,-70.8587
204050,-69.9189
204100,-95.3537
204150,-68.3572
204200,-90.6573
204250,-64.6129
204300,-81.8578
204350,-56.441
204400,-126.922
204450,-155.467
204500,-158.398
204550,-164.609
204600,-147.098
204650,-107.558
204700,-98.5448
204750,-123.959
204800,-66.0243
204850,-89.9093
204900,-46.9875
204950,-106.234
205000,-83.85
205050,-76.9972
205100,-94.3641
205150,-80.3108
205200,-58.9429
205250,-75.2556
205300,-125.472
205350,-50.5769
205400,-69.0963
205450,-56.1951
205500,-69.9692
205550,-119.497
205600,-72.963
205650,-80.8808
205700,-76.1897
205750,-75.8286
205800,-71.2841
205850,-59.5635
205900,-55.6387
205950,-76.4332
206000,-71.9304
206050,-108.168
206100,-51.2515
206150,-60.8444
206200,-57.7705
206250,-50.2684
206300,-65.9636
206350,-75.0439
206400,-124.694
206450,-73.3736
206500,-61.8904
206550,-67.7989
206600,-67.4503
206650,-82.8286
206700,-77.7127
206750,-55.2165
206800,-91.3962
206850,-60.1755
206900,-48.189
206950,-64.187
207000,-71.4239
207050,-103.97
207100,-71.7909
207150,-77.1368
207200,-72.7614
207250,-86.0918
207300,-88.9266
207350,-74.1965
207400,-80.9324
207450,-67.8981
207500,-72.1175
207550,-123.295
207600,-68.5859
207650,-58.8784
207700,-71.0361
207750,-122.585
207800,-89.7608
207850,-60.2622
207900,-70.9281
207950,-66.7678
208000,-65.7053
208050,-77.4133
208100,-69.2134
208150,-73.3168
208200,-126.126
208250,-48.6762
208300,-71.2914
208350,-63.2092
208400,-68.2044
208450,-65.5008
208500,-67.3612
208550,-71.4834
208600,-68.7206
208650,-60.7496
208700,-80.7914
208750,-83.5411
208800,-54.7404
208850,-62.3443
208900,-173.437
208950,177.542
209000,-168.247
209050,-171.203
209100,-171.853
209150,-170.947
209200,-179.325
209250,-167.612
209300,-176.68
209350,177.471
209400,-169.554
209450,-160.663
209500,-168.126
209550,-178.891
209600,-172.502
209650,-172.922
209700,-173.187
209750,-176.017
209800,-176.646
209850,-171.429
209900,-163.658
209950,176.415
210000,-168.32
210050,-148.429
210100,173.974
210150,-167.467
210200,174.06
210250,-160.871
210300,-174.238
210350,-166.304
210400,176.313
210450,-171.957
210500,-176.07
210550,-173.522
210600,-178.398
210650,-173.315
210700,-157.834
210750,-178.81
210800,-171.344
210850,-170.462
210900,-171.907
210950,179.09
211000,-71.3923
211050,-59.0158
211100,-57.2463
211150,-70.1975
211200,-74.7936
211250,-66.0178
211300,-64.1615
211350,-64.5056
211400,-56.7087
211450,-124.184
211500,-59.7575
211550,-68.105
211600,-81.4683
211650,-114.87
211700,-73.4225
211750,-52.94
211800,-65.3357
211850,-58.3599
211900,-70.4607
211950,-56.4502
212000,-70.6964
212050,-88.302
212100,-76.698
212150,-56.5225
212200,-66.5978
212250,-98.1652
212300,-64.6194
212350,-71.8752
212400,-52.5799
212450,-54.815
212500,-64.9451
212550,-51.9511
212600,-50.4085
212650,-53.21
212700,-103.615
212750,-52.5874
212800,-74.3536
212850,-86.4624
212900,-43.3658
212950,-90.7281
213000,-63.552
213050,-77.9279
213100,-49.9249
213150,-64.0731
213200,-51.7917
213250,-115.846
213300,-91.8802
213350,-60.8582
213400,-58.3133
213450,-52.8372
213500,-105.104
213550,-76.1888
213600,-66.136
213650,-62.2025
213700,-58.2134
213750,-65.9542
213800,-87.0862
213850,-61.45
213900,-81.8796
213950,-48.0498
214000,-55.1669
214050,-68.0146
214100,-82.7125
214150,-70.4137
214200,-54.0718
214250,-53.6209
214300,-81.1293
214350,-65.7457
214400,-68.6398
214450,-70.728
214500,-31.509
214550,-54.9576
214600,-56.6311
214650,-62.3126
214700,-62.6134
214750,-72.2269
214800,-77.5959
214850,-74.5876
214900,-73.7566
214950,-90.9743
215000,-64.8237
215050,-62.8687
215100,-65.3704
215150,-73.958
215200,-70.5462
215250,-115.921
215300,-84.8909
215350,-173.641
215400,-176.929
215450,-168.265
215500,-156.67
215550,174.918
215600,-175.34
215650,174.403
215700,-168.199
215750,-178.422
215800,-175.813
215850,-161.121
215900,174.016
215950,-164.734
216000,-176.159
216050,-173.338
216100,177.23
216150,-169.714
216200,174.716
216250,166.844
216300,-171.28
216350,-162.158
216400,-174.056
216450,175.232
216500,167.845
216550,170.581
216600,-170.264
216650,-172.968
216700,166.714
216750,-173.368
216800,-167.788
216850,-173.874
216900,-175.315
216950,-178.621
217000,-175.855
217050,-171.074
217100,-159.491
217150,177.063
217200,-173.842
217250,176.197
217300,-163.059
217350,179.625
217400,-169.042
217450,-168.848
217500,-169.588
217550,-164.557
217600,-178.729
217650,-164.437
217700,-174.517
217750,-146.771
217800,179.105
217850,-177.456
217900,179.312
217950,-165.568
218000,176.191
218050,173.554
218100,-173.958
218150,-179.861
218200,178.393
218250,-178.596
218300,-172.92
218350,-172.661
218400,-170.653
218450,-170.229
218500,-163.532
218550,176.446
218600,-163.021
218650,-172.813
218700,-174.895
218750,-175.47
218800,175.847
218850,174.978
218900,-173.738
218950,-170.077
219000,-161.729
219050,-172.692
219100,179.061
219150,-173.894
219200,-173.473
219250,-167.886
219300,-170.201
219350,-160.314
219400,-168.826
219450,-148.998
219500,-176.26
219550,-173.018
219600,-179.962
219650,-172.408
219700,179.245
219750,-164.921
219800,-171.171
219850,-178.655
219900,179.667
219950,174.114
220000,-177.493
220050,-167.21
220100,-171.047
220150,-170.76
220200,-178.615
220250,-173.145
220300,-82.7823
220350,-75.5436
220400,-58.822
220450,-50.6987
220500,-82.1986
220550,-55.8642
220600,-60.894
220650,-63.7434
220700,-49.5953
220750,-59.5925
220800,-59.3687
220850,-54.9591
220900,-51.0454
220950,-41.8547
221000,-68.0326
221050,-56.8127
221100,-52.0297
221150,-61.139
221200,-65.3161
221250,-83.0746
221300,-69.9913
221350,-84.8062
221400,-64.2796
221450,-86.5788
221500,-60.5804
221550,-171.535
221600,-167.758
221650,-175.015
221700,-177.848
221750,-85.3198
221800,-60.5864
221850,-77.591
221900,-117.843
221950,-168.441
222000,-171.176
222050,-165.584
222100,-110.538
222150,-145.327
222200,-69.3442
222250,-44.0604
222300,-61.7531
222350,-66.6238
222400,-61.7819
222450,-144.158
222500,-55.45
222550,-59.8363
222600,-66.35
222650,-54.8335
222700,-51.2653
222750,-58.3288
222800,-53.9205
222850,-57.3677
222900,-62.4782
222950,-50.8701
223000,-60.5634
223050,-67.2151
223100,-63.8469
223150,-67.5221
223200,-41.1917
223250,-53.5551
223300,-68.9578
223350,-51.4284
223400,-55.4988
223450,-71.9637
223500,-67.536
223550,-52.4092
223600,-49.7951
223650,-53.2222
223700,-52.8555
223750,-41.4036
223800,-54.1305
223850,-65.4853
223900,-55.7471
223950,-65.0531
224000,-69.989
224050,-45.3008
224100,-85.0048
224150,-53.8821
224200,-80.7925
224250,-81.5296
224300,-81.2943
224350,-66.0364
224400,-71.7025
224450,-68.8365
224500,-73.7016
224550,-93.2329
224600,-63.2102
224650,-79.9757
224700,-62.9862
224750,-124.775
224800,-65.7621
224850,-66.2555
224900,-67.4128
224950,-72.4749
225000,-86.626
225050,-69.9185
225100,-69.4253
225150,-58.981
225200,-47.9286
225250,-62.6956
225300,-87.3269
225350,-65.115
225400,-83.2969
225450,-62.1675
225500,-105.806
225550,-72.2143
225600,-67.8655
225650,-87.0246
225700,-72.2872
225750,-63.878
225800,-53.4983
225850,-74.2276
225900,-56.0528
225950,-53.4201
226000,-73.0294
226050,-63.7796
226100,-61.6069
226150,-59.9099
226200,-69.4728
226250,-62.534
226300,-62.7535
226350,-45.008
226400,-49.1722
226450,-56.3029
226500,-60.5113
226550,-69.1227
226600,-46.5472
226650,-56.0024
226700,-52.3782
226750,-54.6185
226800,-65.4581
226850,-46.6306
226900,-73.2532
226950,-57.9969
227000,-57.2813
227050,-70.1818
227100,-67.8079
227150,-66.9933
227200,-61.3234
227250,-72.1619
227300,-65.4412
227350,-80.2166
227400,-81.5207
227450,-53.4307
227500,-68.4055
227550,-69.3291
227600,-62.738
227650,-42.8991
227700,-50.2931
227750,-61.6558
227800,-58.5121
227850,-89.88
227900,-107.273
227950,-65.3968
228000,-103.144
228050,-51.4491
228100,-73.813
228150,-107.856
228200,-60.6154
228250,-63.5633
228300,-72.333
228350,-69.5069
228400,-59.94
228450,-77.5401
228500,-76.6434
228550,-60.0731
228600,-66.4644
228650,-68.3982
228700,-66.1139
228750,-60.3726
228800,-65.0217
228850,-65.817
228900,-100.614
228950,-69.4391
229000,-72.7783
229050,-75.2402
229100,-68.1747
229150,-64.4153
229200,-57.8284
229250,-49.6979
229300,-68.278
229350,-70.5612
229400,-47.3119
229450,-64.8317
229500,-46.3342
229550,-57.0351
229600,-83.3704
229650,-55.4028
229700,-58.7588
229750,-60.7345
229800,-59.2143
229850,-60.1907
229900,-67.6624
229950,-73.6896
230000,-48.0637
230050,-68.9961
230100,-51.1975
230150,-64.3555
230200,-49.6644
230250,-50.5061
230300,-59.0529
230350,-63.9686
230400,-55.7939
230450,-69.0837
230500,-59.8369
230550,-65.2097
230600,-52.1887
230650,-87.7638
230700,-60.1823
230750,-71.3334
230800,-63.1787
230850,-50.6061
230900,-74.0138
230950,-79.8578
231000,-62.4361
231050,-75.471
231100,-56.5729
231150,-60.6555
231200,-66.3997
231250,-74.3207
231300,-65.6254
231350,-63.9584
231400,-69.4773
231450,-53.2507
231500,-68.7605
231550,-54.9176
231600,-112.861
231650,-62.1346
231700,-77.101
231750,-97.1631
231800,-68.8239
231850,-60.57
231900,-60.5826
231950,-53.127
232000,-83.4401
232050,-84.323
232100,-70.6904
232150,-75.8096
232200,-63.7743
232250,-63.89
232300,-53.361
232350,-69.5506
232400,-125.425
232450,-56.4681
232500,-63.0097
232550,-95.3862
232600,-114.852
232650,-74.1017
232700,-52.1356
232750,-77.2353
232800,-74.5991
232850,-60.7397
232900,-104.169
232950,-53.7217
233000,-65.8773
233050,-60.877
233100,-63.7784
233150,-57.8475
233200,-91.5596
233250,178.887
233300,-172.46
233350,-173.802
233400,-178.847
233450,-163.162
233500,-176.887
233550,-162.139
233600,-171.098
233650,-171.174
233700,-171.598
233750,-176.087
233800,173.67
233850,-176.285
233900,179.096
233950,-173.089
234000,-175.052
234050,-176.667
234100,-170.732
234150,175.855
234200,-171.433
234250,177.67
234300,-169.911
234350,-175.64
234400,-165.826
234450,-159.887
234500,-76.4014
234550,-56.9977
234600,-65.9374
234650,-100.34
234700,-108.181
234750,-73.5559
234800,-86.7946
234850,-78.84
234900,-46.2033
234950,-60.6236
235000,-42.7796
235050,-60.6612
235100,-58.9686
235150,-78.1303
235200,-176.094
235250,-179.615
235300,-81.6484
235350,-69.0281
235400,-73.9467
235450,-57.0134
235500,-64.3282
235550,-85.1678
235600,-57.7887
235650,-94.576
235700,-67.1254
235750,-57.007
235800,-64.1065
235850,-65.6382
235900,-55.5556
235950,-65.5638
236000,-48.7186
236050,-59.2199
236100,-58.3891
236150,-55.9153
236200,-65.6388
236250,-61.6229
236300,-53.143
236350,-61.5473
236400,-60.5313
236450,-65.4073
236500,-66.994
236550,-60.4673
236600,-78.092
236650,-50.1851
236700,-67.0626
236750,-101.373
236800,-71.9377
236850,-53.4084
236900,-53.5485
236950,-73.2278
237000,-67.8763
237050,-44.7719
237100,-59.7563
237150,-76.5146
237200,-62.6594
237250,-59.2134
237300,-63.0525
237350,-50.6
237400,-68.1882
237450,-61.4408
237500,-51.4804
237550,-63.7447
237600,-63.8146
237650,-67.7847
237700,-93.2389
237750,-101.788
237800,-66.9847
237850,-50.0306
237900,-65.1664
237950,-63.0642
238000,-73.0616
238050,-49.5443
238100,-67.8126
238150,-53.7324
238200,-95.0078
238250,-67.169
238300,-81.7037
238350,-74.5088
238400,-80.8768
238450,-104.4
238500,-80.6133
238550,-78.8766
238600,-92.6347
238650,-56.3712
238700,-55.292
238750,-62.3704
238800,-96.9064
238850,-67.2869
238900,-63.8339
238950,-61.4109
239000,-47.1074
239050,-58.984
239100,-78.1571
239150,-51.572
239200,-62.0864
239250,-49.6938
239300,-67.0433
239350,-58.6665
239400,-58.8859
239450,-81.56
239500,-69.2471
239550,-61.7332
239600,-78.7898
239650,-80.3237
239700,-71.4484
239750,-57.8719
239800,-103.358
239850,-73.5267
239900,-64.7371
239950,-60.9869
240000,-78.823
240050,-62.4608
240100,-57.6226
240150,-54.6778
240200,-52.5497
240250,-65.4734
240300,-75.2262
240350,-76.7203
240400,-76.0984
240450,-46.1749
240500,-46.0021
240550,-64.3284
240600,-68.6845
240650,-79.9855
240700,-64.7457
240750,-63.2509
240800,-42.0619
240850,-77.788
240900,-61.6312
240950,-61.6395
241000,-59.0663
241050,-65.8257
241100,-72.9736
241150,-79.679
241200,-67.201
241250,-56.6926
241300,-64.0334
241350,-84.3837
241400,-70.9026
241450,-70.1546
241500,-58.2193
241550,-59.1126
241600,-72.8274
241650,-52.091
241700,-61.9484
241750,-65.1981
241800,-93.7448
241850,-56.2858
241900,-61.0602
241950,-53.266
242000,-64.2695
242050,-68.8854
242100,-98.4706
242150,-62.9577
242200,-100.347
242250,-173.558
242300,-172.493
242350,-174.189
242400,-173.644
242450,-175.121
242500,-176.958
242550,-176.155
242600,-174.434
242650,-162.306
242700,-168.908
242750,-173.899
242800,-174.357
242850,174.864
242900,-173.874
242950,-177.265
243000,-177.851
243050,-158.665
243100,-161.119
243150,-175.039
243200,-178.057
243250,171.954
243300,-177.557
243350,-171.853
243400,-170.377
243450,-177.688
243500,-173.971
243550,-164.878
243600,-174.903
243650,-62.3428
243700,-96.5656
243750,-71.1692
243800,-69.9806
243850,-165.297
243900,-167.145
243950,-174.556
244000,-163.666
244050,-152.55
244100,-162.31
244150,-167.769
244200,-170.931
244250,-175.331
244300,-168.23
244350,-129.185
244400,-164.584
244450,-144.963
244500,-176.78
244550,-103.907
244600,-145.772
244650,-179.553
244700,-171.148
244750,-76.6653
244800,-137.856
244850,-45.1725
244900,-72.4024
244950,-93.9344
245000,-67.8782
245050,-96.6497
245100,-75.7445
245150,-100.678
245200,178.671
245250,-68.4636
245300,-127.135
245350,-68.9641
245400,-68.1097
245450,-77.6558
245500,-148.685
245550,-100.662
245600,176.556
245650,-173.855
245700,-174.35
245750,-160.125
245800,-62.3441
245850,-58.3277
245900,-68.327
245950,-73.3193
246000,-134.632
246050,-50.6279
246100,-54.5253
246150,-174.35
246200,-155.004
246250,-165.107
246300,-90.3396
246350,-134.952
246400,175.823
246450,-105.122
246500,-60.7851
246550,-143.141
246600,-168.29
246650,-161.803
246700,-104.549
246750,165.663
246800,-172.136
246850,-164.389
246900,-166.424
246950,-159.266
247000,173.354
247050,-163.598
247100,164.77
247150,-162.067
247200,-177.5
247250,-156.521
247300,-165.263
247350,-166.443
247400,177.447
247450,-177.134
247500,170.902
247550,-166.171
247600,-167.134
247650,-171.12
247700,167.36
247750,172.045
247800,-174.516
247850,-175.293
247900,-170.863
247950,-167.447
248000,-177.451
248050,171.762
248100,-170.713
248150,166.786
248200,-93.8604
248250,-75.3581
248300,-61.8448
248350,-49.8922
248400,-65.3847
248450,-73.4168
248500,-126.044
248550,178.03
248600,-126.816
248650,-82.0044
248700,-93.6608
248750,-97.2193
248800,-71.512
248850,-77.5547
248900,-125.949
248950,-132.855
249000,-153.077
249050,-137.02
249100,-167.702
249150,-177.54
249200,-175.311
249250,-170.817
249300,-169.956
249350,176.16
249400,-160.858
249450,-171.253
249500,-170.426
249550,178.188
249600,-173.718
249650,179.825
249700,-162.159
249750,175.907
249800,179.928
249850,177.57
249900,-155.159
249950,-156.308
250000,-140.023
250050,-170.559
250100,-162.188
250150,-170.874
250200,-179.016
250250,-158.982
250300,-172.447
250350,-173.218
250400,-170.032
250450,-150.691
250500,169.619
250550,178.734
250600,-160.329
250650,-179.013
250700,-177.309
250750,-175.225
250800,-179.128
250850,-170.224
250900,-166.833
250950,-75.8808
251000,-60.4411
251050,-64.6919
251100,-150.932
251150,-155.425
251200,-138.938
251250,-167.219
251300,-69.1854
251350,-51.6363
251400,-151.333
251450,-65.1018
251500,-57.6992
251550,-56.6274
251600,-133.574
251650,-72.7818
251700,-71.4976
251750,-165.632
251800,-176.654
251850,-175.469
251900,-165.149
251950,-165.32
252000,-148.751
252050,-171.111
252100,-161.125
252150,-178.22
252200,-173.193
252250,-153.509
252300,-145.651
252350,-165.824
252400,-79.8584
252450,175.194
252500,-169.522
252550,-68.2269
252600,-68.8373
252650,-66.4252
252700,-106.295
252750,-176.203
252800,-164.164
252850,-163.274
252900,-173.136
252950,177.358
253000,-72.8714
253050,-71.2688
253100,-76.3824
253150,-58.4816
253200,-92.6625
253250,-54.5927
253300,-60.6861
253350,-62.7061
253400,-101.443
253450,-103.85
253500,-74.2466
253550,-67.9914
253600,-71.9641
253650,-68.2707
253700,-72.4689
253750,-72.2457
253800,-88.5936
253850,-46.7651
253900,-64.6278
253950,-57.7469
254000,-66.4895
254050,-67.2578
254100,-70.3947
254150,-70.1567
254200,-53.0551
254250,-67.3272
254300,-81.5273
254350,-86.3107
254400,-69.0185
254450,-115.326
254500,-101.576
254550,-56.6908
254600,-65.2352
254650,-55.102
254700,-64.5294
254750,-73.7038
254800,-68.0596
254850,-72.0593
254900,-98.8561
254950,-60.1527
255000,-84.3514
255050,-129.122
255100,-94.2082
255150,-82.5162
255200,-51.6849
255250,-51.7092
255300,-66.1572
255350,-76.8616
255400,-88.4181
255450,-72.5734
255500,-46.136
255550,-73.4039
255600,-53.8028
255650,-50.5907
255700,-67.9486
255750,-56.7792
255800,-74.3298
255850,-54.5602
255900,-69.3478
255950,-56.2073
256000,-72.5404
256050,-74.7906
256100,-61.252
256150,-66.0863
256200,-49.0302
256250,-80.7716
256300,-94.4589
256350,-72.4197
256400,-70.0005
256450,-71.4067
256500,-85.2301
256550,-48.7914
256600,-75.1357
256650,-57.8186
256700,-63.3408
256750,-75.104
256800,-61.3572
256850,-90.0985
256900,-57.1107
256950,-73.0711
257000,-65.8033
257050,-58.6336
257100,-69.5808
257150,-78.5681
257200,-58.7733
257250,-97.7381
257300,-75.2377
257350,-55.0516
257400,-68.1782
257450,-57.9843
257500,-66.6547
257550,-71.7882
257600,-67.6333
257650,-70.2233
257700,-63.7289
257750,-60.7808
257800,-81.2752
257850,-71.2657
257900,-63.2528
257950,-69.6723
258000,-68.1648
258050,-67.8774
258100,-76.6215
258150,-62.4672
258200,-69.7979
258250,-84.3359
258300,-86.2086
258350,-76.401
258400,-77.1901
258450,-73.1959
258500,-51.2892
258550,-68.3476
258600,-65.3164
258650,-65.2264
258700,-82.975
258750,-71.1875
258800,-57.6764
258850,-56.4526
258900,-61.3872
258950,-79.4385
259000,-118.101
259050,-80.5601
259100,-63.4331
259150,-68.9019
259200,-74.0121
259250,-62.2335
259300,-71.6013
259350,-75.3879
259400,-64.4233
259450,-75.5504
259500,-56.1203
259550,-70.5828
259600,-70.9678
259650,-81.8989
259700,-76.8736
259750,-84.0482
259800,-90.5247
259850,-62.1167
259900,-64.8336
259950,-52.932
260000,-71.6305
260050,-58.218
260100,-80.4418
260150,-68.898
260200,-78.4878
260250,-95.5861
260300,-69.9023
260350,-61.2266
260400,-87.803
260450,-76.6316
260500,-63.9143
260550,-63.5953
260600,-66.8533
260650,-75.3014
260700,-69.2588
260750,-65.3599
260800,-68.1664
260850,-52.7001
260900,-59.111
260950,-58.7433
261000,-91.2242
261050,-54.1138
261100,-58.468
261150,-50.0981
261200,-83.3608
261250,-93.8782
261300,-61.1194
261350,-72.1852
261400,-53.3366
261450,-100.829
261500,-69.9826
261550,-104.993
261600,-71.492
261650,-83.965
261700,-85.1263
261750,-62.8946
261800,-63.3275
261850,-80.2518
261900,-91.0326
261950,-78.6365
262000,-68.1256
262050,-66.4595
262100,-75.4271
262150,-95.7268
262200,-90.399
262250,-65.2988
262300,-72.5546
262350,-68.0365
262400,-75.4966
262450,-80.5001
262500,-47.7837
262550,-55.6916
262600,-65.2619
262650,-88.9746
262700,-42.9473
262750,-53.2019
262800,-58.1513
262850,-66.0953
262900,-82.5953
262950,-56.1541
263000,-78.8081
263050,-64.6775
263100,-83.1007
263150,-66.5186
263200,-57.2327
263250,-79.1822
263300,-70.7988
263350,-74.1127
263400,-71.9414
263450,-70.4018
263500,-76.5702
263550,-64.6537
263600,-75.2791
263650,-66.4999
263700,-65.9874
263750,-55.9127
263800,-62.6287
263850,-74.8081
263900,-63.6815
263950,-75.9272
264000,-64.9125
264050,-71.9596
264100,-65.2858
264150,-65.5033
264200,-85.1221
264250,-84.7477
264300,-68.5765
264350,-86.1968
264400,-64.8925
264450,-79.2048
264500,-69.5571
264550,-67.8279
264600,-70.0042
264650,-64.6756
264700,-85.0419
264750,-62.4156
264800,-72.2055
264850,-56.3701
264900,-68.1787
264950,-59.0331
265000,-61.9061
265050,-61.5976
265100,-82.8802
265150,-60.7136
265200,-59.5298
265250,-70.7718
265300,-58.3311
265350,-174.233
265400,-108.234
265450,-63.5852
265500,-115.049
265550,-124.524
265600,-147.624
265650,179.273
265700,176.237
265750,177.633
265800,175.107
265850,179.314
265900,178.857
265950,170.461
266000,173.401
266050,-132.836
266100,179.201
266150,-169.305
266200,-144.86
266250,-57.8831
266300,-75.1976
266350,-58.3777
266400,-155.779
266450,-144.846
266500,-172.664
266550,-152.033
266600,-166.401
266650,-149.308
266700,-170.31
266750,-158.843
266800,-167.499
266850,-175.878
266900,-161.017
266950,-159.719
267000,-163.917
267050,-162.488
267100,-164.242
267150,-158.645
267200,-165.691
267250,-153.181
267300,-172.696
267350,-158.177
267400,-141.412
267450,-162.821
267500,-167.637
267550,-179.127
267600,-174.935
267650,-167.95
267700,-178.996
267750,174.537
267800,-153.409
267850,-173.647
267900,-174.294
267950,-178.595
268000,-176.294
268050,-166.793
268100,-179.045
268150,-173.087
268200,-164.751
268250,-175.691
268300,-164.212
268350,-177.857
268400,-162.299
268450,-169.779
268500,-174.131
268550,-179.607
268600,-165.661
268650,-170.721
268700,-177.697
268750,-162.016
268800,-177.81
268850,-169.421
268900,-167.22
268950,-174.072
269000,-170.463
269050,-149.716
269100,-172.232
269150,179.078
269200,-177.732
269250,-166.359
269300,-175.579
269350,177.672
269400,-179.715
269450,-179.627
269500,-172.589
269550,-173.561
269600,-179.582
269650,-165.56
269700,174.647
269750,-177.953
269800,-176.744
269850,-156.485
269900,178.569
269950,176.495
270000,-172.776
270050,179.568
270100,-171.138
270150,-172.415
270200,-72.277
270250,-69.8712
270300,-66.7439
270350,-80.8907
270400,-80.335
270450,-85.0285
270500,-106.782
270550,-110.363
270600,-117.92
270650,-63.0343
270700,-176.559
270750,-172.073
270800,-102.376
270850,-110.611
270900,-101.527
270950,-60.5876
271000,-68.8644
271050,-83.6335
271100,-71.2421
271150,-67.142
271200,-59.6911
271250,-93.2172
271300,-98.4472
271350,-70.1367
271400,-76.1005
271450,-68.9237
271500,-68.0989
271550,-52.2968
271600,-147.143
271650,-122.365
271700,-120.252
271750,-139.372
271800,-119.778
271850,-111.328
271900,-150.761
271950,-119.258
272000,-98.5663
272050,-51.018
272100,-145.296
272150,-58.9857
272200,-162.079
272250,-92.6747
272300,-70.797
272350,-170.51
272400,-169.934
272450,-179.558
272500,172.895
272550,-169.003
272600,-164.412
272650,-163.603
272700,-169.825
272750,-174.08
272800,-171.493
272850,-144.428
272900,-161.276
272950,-179.14
273000,170.515
273050,-179.262
273100,-167.565
273150,-174.247
273200,178.058
273250,-177.271
273300,175.308
273350,-176.727
273400,-172.038
273450,-176.065
273500,-171.085
273550,-169.244
273600,-172.2
273650,-136.48
273700,-166.073
273750,-178.897
273800,175.854
273850,-169.064
273900,-150.203
273950,179.25
274000,-160.145
274050,-160.811
274100,-150.318
274150,-154.596
274200,-144.155
274250,-144.166
274300,-164.833
274350,-162.947
274400,-171.095
274450,-163.997
274500,-167.886
274550,-146.001
274600,-160.21
274650,-142.612
274700,-146.967
274750,-145.862
274800,-162.131
274850,-140.856
274900,-161.245
274950,-159.223
275000,-163.165
275050,-132.378
275100,-139.4
275150,-153.076
275200,-162.678
275250,-141.445
275300,-163.331
275350,-163.79
275400,174.395
275450,-172.947
275500,-166.167
275550,-159.709
275600,173.502
275650,-157.455
275700,-179.507
275750,175.853
275800,-162.98
275850,-171.699
275900,-177.819
275950,-162.647
276000,-178.469
276050,-173.929
276100,178.224
276150,175.844
276200,-176.392
276250,174.791
276300,-165.426
276350,-170.875
276400,-170.783
276450,-153.511
276500,166.258
276550,-168.441
276600,-164.794
276650,175.903
276700,-169.255
276750,-169.038
276800,174.679
276850,172.578
276900,179.329
276950,-90.7441
277000,169.736
277050,171.598
277100,-175.327
277150,-179.737
277200,171.058
277250,-177.949
277300,-172.656
277350,-155.842
277400,179.885
277450,174.051
277500,-179.61
277550,-62.5869
277600,-62.0127
277650,-93.5536
277700,-76.2311
277750,-64.846
277800,-62.555
277850,-69.3762
277900,-73.3357
277950,-49.4023
278000,-61.4733
278050,-54.4664
278100,-45.6653
278150,-64.0783
278200,-99.735
278250,-64.319
278300,-41.3795
278350,-52.1853
278400,-92.8535
278450,-63.6678
278500,-55.3667
278550,-57.8091
278600,-55.601
278650,-55.4989
278700,-47.6791
278750,-63.8144
278800,-109.651
278850,-91.0357
278900,-62.1233
278950,-60.0189
279000,-40.8684
279050,-78.4077
279100,-54.5734
279150,-62.4545
279200,-139.918
279250,-45.5628
279300,-54.6715
279350,-66.8545
279400,-114.364
279450,-58.2053
279500,-51.1356
279550,-60.6787
279600,-43.0894
279650,-70.8579
279700,-59.942
279750,-75.6887
279800,-67.2382
279850,-64.1088
279900,-60.4696
279950,-44.1151
280000,-49.5381
280050,-57.7698
280100,-57.656
280150,-75.6316
280200,-57.4183
280250,-68.6796
280300,-64.7953
280350,-49.5539
280400,-46.0959
280450,-71.764
280500,-63.7288
280550,-66.1351
280600,-51.0234
280650,-70.4711
280700,-81.8589
280750,-70.6054
280800,-45.4877
280850,-54.729
280900,-42.8671
280950,-60.4463
281000,-50.5593
281050,-64.7925
281100,-58.9247
281150,-53.0784
281200,-80.4027
281250,-55.3761
281300,-55.6601
281350,-60.8316
281400,-66.3873
281450,-67.827
281500,-72.0486
281550,-99.5473
281600,-46.2942
281650,-63.5403
281700,-92.8212
281750,-59.3891
281800,-110.347
281850,-52.9594
281900,-64.5474
281950,-115.501
282000,-70.7218
282050,-62.4541
282100,-50.5939
282150,-68.7585
282200,-55.2543
282250,-56.6941
282300,-45.6653
282350,-68.7761
282400,-65.9727
282450,-56.6805
282500,-51.6155
282550,-62.776
282600,-62.6896
282650,-58.4578
282700,-58.794
282750,-59.0036
282800,-85.5885
282850,-57.1603
282900,-55.4231
282950,-64.6094
283000,-56.5947
283050,-76.9497
283100,-73.4913
283150,-49.0914
283200,-54.7912
283250,-55.8639
283300,-58.5242
283350,-74.5115
283400,-63.6173
283450,-109.684
283500,-145.433
283550,-59.2007
283600,-47.4521
283650,-69.9205
283700,-64.0462
283750,-50.6964
283800,-55.5713
283850,-51.9464
283900,-116.426
283950,-49.3139
284000,-57.8244
284050,-43.1146
284100,-60.4715
284150,-51.2846
284200,-61.2345
284250,-59.8677
284300,-45.8939
284350,-65.3878
284400,-45.869
284450,-70.3913
284500,-61.0699
284550,-60.8985
284600,-71.1752
284650,-54.1316
284700,-42.3875
284750,-63.9642
284800,-63.1783
284850,-73.2364
284900,-48.3172
284950,-57.9453
285000,-53.8747
285050,-55.7803
285100,-61.001
285150,-59.509
285200,-56.3842
285250,-97.5945
285300,-39.8591
285350,-77.9015
285400,-60.2095
285450,-66.5982
285500,-70.2093
285550,-60.8208
285600,-55.2326
285650,-69.026
285700,-51.4117
285750,-39.7297
285800,-57.799
285850,-44.6418
285900,-44.7238
285950,-48.672
286000,-56.944
286050,-59.9123
286100,-73.0526
286150,-87.555
286200,-50.8824
286250,-56.9074
286300,-59.5476
286350,-113.711
286400,-54.2774
286450,-49.7838
286500,-57.6958
286550,-63.1042
286600,-58.4856
286650,-49.6575
286700,-47.5602
286750,-61.3736
286800,-64.6168
286850,-83.8511
286900,-64.9064
286950,-74.1453
287000,-148.691
287050,-70.0956
287100,-63.9201
287150,-42.642
287200,-56.9453
287250,-64.4148
287300,-66.6897
287350,-66.1763
287400,-75.4298
287450,-72.1901
287500,-51.8419
287550,-65.7194
287600,-61.853
287650,-51.5569
287700,-67.519
287750,-111.75
287800,-63.5506
287850,-156.835
287900,-166.86
287950,-154.874
288000,-158.584
288050,-161.101
288100,-158.415
288150,-162.187
288200,-169.532
288250,-155.527
288300,-176.589
288350,-159.841
288400,-169.51
288450,-177.752
288500,-170.7
288550,-168.537
288600,-171.82
288650,-167.084
288700,-160.669
288750,177.189
288800,-167.79
288850,-161.345
288900,-164.125
288950,-168.766
289000,-174.094
289050,-171.468
289100,-116.379
289150,-154.051
289200,-159.047
289250,-176.843
289300,-176.817
289350,-178.884
289400,-157.287
289450,-168.444
289500,174.294
289550,-155.228
289600,-172.806
289650,-176.605
289700,-175.511
289750,-159.209
289800,175.89
289850,176.42
289900,-171.705
289950,179.853
290000,176.413
290050,179.363
290100,176.868
290150,-176.716
290200,-177.01
290250,-164.168
290300,-171.995
290350,-169.744
290400,-175.523
290450,-176.101
290500,-173.711
290550,-168.726
290600,-162.375
290650,-170.611
290700,170.939
290750,-177.994
290800,-81.8879
290850,-63.2938
290900,-65.3542
290950,-53.7134
291000,-68.7352
291050,-73.2476
291100,-60.1246
291150,-60.8994
291200,-80.2614
291250,-56.0429
291300,-68.6168
291350,-64.5051
291400,-65.5699
291450,-71.7533
291500,-48.6429
291550,-67.5623
291600,-80.4515
291650,-101.457
291700,-63.8425
291750,-74.229
291800,-108.96
291850,-84.4652
291900,-59.8215
291950,-66.462
292000,-47.0067
292050,-57.8738
292100,-108.025
292150,-66.6048
292200,-70.9005
292250,-121.981
292300,-59.6875
292350,-93.2159
292400,-65.9761
292450,-71.2011
292500,-69.5591
292550,-52.122
292600,-56.1886
292650,-97.7133
292700,-57.1376
292750,-58.3152
292800,-60.8998
292850,-71.7695
292900,-66.7911
292950,-67.5262
293000,-62.6403
293050,-67.0602
293100,-69.3772
293150,-140.544
293200,-155.887
293250,176.131
293300,-148.164
293350,179.713
293400,-157.277
293450,-65.3503
293500,-76.0608
293550,-61.3663
293600,-62.8252
293650,-94.4793
293700,-56.4743
293750,-64.642
293800,-61.6179
293850,-68.8471
293900,-159.944
293950,-170.273
294000,-169.375
294050,-104.943
294100,178.895
294150,-175.685
294200,175.686
294250,-169.56
294300,-171.087
294350,176.45
294400,172.626
294450,-164.657
294500,-173.199
294550,-169.632
294600,-172.437
294650,-174.252
294700,-143.967
294750,-166.364
294800,-161.272
294850,-80.9219
294900,-58.9699
294950,-177.001
295000,-54.9988
295050,-61.0041
295100,-57.5157
295150,-174.399
295200,-149.556
295250,-167.577
295300,-52.7656
295350,-59.4274
295400,-71.2275
295450,-53.0676
295500,-63.9225
295550,-54.3317
295600,-49.3679
295650,-72.0738
295700,-64.3794
295750,-68.9239
295800,-77.483
295850,-56.2505
295900,-60.7715
295950,-69.4561
296000,-69.1035
296050,-61.2519
296100,-86.1521
296150,-68.3903
296200,-157.916
296250,-167.566
296300,-160.105
296350,-140.422
296400,-132.186
296450,-158.586
296500,-164.689
296550,-163.916
296600,-162.867
296650,-119.181
296700,-156.538
296750,-159.938
296800,-160.745
296850,-173.319
296900,-150.288
296950,-162.944
297000,-155.054
297050,-175.338
297100,-158.938
297150,-165.936
297200,-160.295
297250,-170.333
297300,-172.271
297350,-171.549
297400,176.4
297450,-139.348
297500,-152.958
297550,-166.423
297600,-171.437
297650,-155.096
297700,-169.265
297750,-172.833
297800,-164.327
297850,-170.114
297900,-170.652
297950,-150.735
298000,-173.596
298050,-157.383
298100,-147.614
298150,-155.041
298200,-159.59
298250,-171.205
298300,-173.238
298350,179.285
298400,-179.719
298450,174.53
298500,-174.404
298550,-153.459
298600,-177.145
298650,-179.453
298700,171.534
298750,174.21
298800,-156.204
298850,-175.535
298900,177.758
298950,-175.465
299000,176.539
299050,173.044
299100,-168.321
299150,-177.51
299200,-179.182
299250,-178.656
299300,-167.3
299350,-176.54
299400,-176.421
299450,160.011
299500,178.787
299550,176.635
299600,173.268
299650,-178.104
299700,-169.282
299750,-178.177
299800,-177.596
299850,-177.823
299900,174.57
299950,-170.091
300000,-172.619
300050,-173.806
300100,-166.752
300150,-116.857
300200,-173.583
300250,-172.384
300300,-170.162
300350,-178.056
300400,-159.009
300450,-171.459
300500,-171.037
300550,-178.773
300600,-170.749
300650,-110.668
300700,169.761
300750,-173.386
300800,-175.2
300850,-158.129
300900,-88.0846
300950,-84.2117
301000,-56.9831
301050,-55.0608
301100,-111.201
301150,-59.5318
301200,-98.945
301250,-126.98
301300,-80.1521
301350,-56.4138
301400,178.09
301450,175.056
301500,-177.873
301550,-169.776
301600,-172.568
301650,-170.61
301700,-160.839
301750,-179.901
301800,-176.386
301850,-174.614
301900,168.229
301950,-163.666
302000,-176.214
302050,-176.747
302100,-91.0159
302150,-77.5399
302200,-56.74
302250,-71.3317
302300,-163.274
302350,-176.283
302400,-176.277
302450,-167.248
302500,176.191
302550,-167.711
302600,-168.204
302650,-173.29
302700,-156.013
302750,-166.731
302800,-171.502
302850,-175.475
302900,-171.258
302950,-170.593
303000,-174.372
303050,169.986
303100,-171.614
303150,-166.413
303200,-160.693
303250,-59.1612
303300,-67.0789
303350,-80.0116
303400,-52.1438
303450,-49.9266
303500,-53.8541
303550,-65.9491
303600,-52.9121
303650,-52.9539
303700,-45.2965
303750,-71.0465
303800,-52.1229
303850,-51.7573
303900,-66.2955
303950,-58.8463
304000,-99.3786
304050,-83.8812
304100,-66.667
304150,-51.6105
304200,176.638
304250,-56.2064
304300,-70.3848
304350,-76.9913
304400,-72.3471
304450,-53.6246
304500,-77.4582
304550,-73.1027
304600,-68.8222
304650,-57.2254
304700,-176.326
304750,-68.6548
304800,-69.2397
304850,-65.5116
304900,-56.4509
304950,-33.8861
305000,-164.903
305050,-109.214
305100,-62.3693
305150,-77.838
305200,-56.8664
305250,-47.0931
305300,-53.0367
305350,-70.7079
305400,-81.2538
305450,-83.7754
305500,-56.067
305550,-74.0659
305600,-57.128
305650,-59.0274
305700,-83.8674
305750,-58.8785
305800,-167.471
305850,-159.54
305900,-71.7926
305950,-72.5195
306000,-64.6964
306050,-62.3379
306100,-48.2358
306150,-125.584
306200,-179.992
306250,-179.407
306300,-171.995
306350,-177.246
306400,-161.352
306450,169.764
306500,-179.784
306550,-178.237
306600,-174.91
306650,-174.891
306700,178.909
306750,169.568
306800,-177.598
306850,-171.253
306900,-172.554
306950,-176.761
307000,-175.015
307050,-172.812
307100,-170.773
307150,-177.969
307200,-178.508
307250,-60.4029
307300,-179.536
307350,-171.381
307400,-168.113
307450,-139.843
307500,-49.357
307550,-178.814
307600,178.428
307650,-170.148
307700,-67.9526
307750,-69.1734
307800,-83.8803
307850,-71.3097
307900,-172.35
307950,-157.385
308000,171.313
308050,-172.411
308100,-174.164
308150,176.796
308200,-169.223
308250,170.853
308300,-157.054
308350,-168.68
308400,-158.333
308450,-170.269
308500,-169.571
308550,-179.062
308600,-168.092
308650,-166.712
308700,-167.299
308750,-171.081
308800,-172.657
308850,-177.44
308900,-177.1
308950,169.916
309000,-171.558
309050,-176.061
309100,-172.811
309150,179.976
309200,-165.074
309250,178.248
309300,174.382
309350,175.563
309400,169.587
309450,-160.912
309500,175.2
309550,166.309
309600,152.316
309650,165.508
309700,-160.825
309750,169.18
309800,-179.578
309850,-169.711
309900,178.723
309950,175.937
310000,-155.302
310050,-172.973
310100,-162.965
310150,-174.944
310200,177.388
310250,-166.543
310300,177.589
310350,-169.541
310400,-173.213
310450,-166.712
310500,-163.861
310550,-171.46
310600,174.408
310650,-168.793
